# Blender 5.1.1
# www.blender.org
mtllib letsgooooooooo.mtl
o Cube.002
v 19.091597 19.139479 7.531531
v 19.389788 19.697933 7.233339
v 19.091597 19.139479 5.714723
v 19.389788 19.697933 6.012915
v 20.908403 19.139479 7.531531
v 20.610212 19.697933 7.233339
v 20.908403 19.139479 5.714723
v 20.610212 19.697933 6.012915
v 18.975601 19.131386 5.883163
v 18.874428 19.131386 6.113617
v 18.813215 19.131386 6.363452
v 18.792711 19.131386 6.623127
v 18.813215 19.131386 6.882802
v 18.874428 19.131386 7.132637
v 18.975599 19.131386 7.363091
v 19.100649 19.211937 7.522478
v 19.123522 19.306370 7.499606
v 19.151516 19.396194 7.471610
v 19.187197 19.479107 7.435930
v 19.232296 19.552912 7.390831
v 19.285231 19.615860 7.337896
v 19.342348 19.666021 7.280780
v 19.349304 19.711575 7.133562
v 19.305941 19.726265 6.984148
v 19.275499 19.736639 6.809661
v 19.264231 19.740498 6.623127
v 19.275499 19.736639 6.436593
v 19.305941 19.726265 6.262106
v 19.349304 19.711575 6.112692
v 19.342348 19.666021 5.965474
v 19.285231 19.615860 5.908358
v 19.232296 19.552912 5.855423
v 19.187197 19.479107 5.810324
v 19.151516 19.396194 5.774643
v 19.123522 19.306370 5.746648
v 19.100649 19.211937 5.723776
v 20.739964 19.131386 5.598727
v 20.509510 19.131386 5.497555
v 20.259676 19.131386 5.436342
v 20.000000 19.131386 5.415838
v 19.740324 19.131386 5.436342
v 19.490490 19.131386 5.497555
v 19.260036 19.131386 5.598727
v 19.489565 19.711575 5.972432
v 19.638979 19.726265 5.929068
v 19.813465 19.736639 5.898627
v 20.000000 19.740498 5.887358
v 20.186535 19.736639 5.898627
v 20.361021 19.726265 5.929068
v 20.510435 19.711575 5.972432
v 20.657652 19.666021 5.965474
v 20.714769 19.615860 5.908358
v 20.767704 19.552912 5.855423
v 20.812803 19.479107 5.810324
v 20.848484 19.396194 5.774644
v 20.876478 19.306370 5.746648
v 20.899351 19.211937 5.723776
v 21.024399 19.131386 7.363091
v 21.125572 19.131386 7.132637
v 21.186785 19.131386 6.882802
v 21.207289 19.131386 6.623127
v 21.186785 19.131386 6.363452
v 21.125572 19.131386 6.113617
v 21.024401 19.131386 5.883163
v 20.650696 19.711575 6.112692
v 20.694059 19.726265 6.262106
v 20.724501 19.736639 6.436593
v 20.735769 19.740498 6.623127
v 20.724501 19.736639 6.809661
v 20.694059 19.726265 6.984148
v 20.650696 19.711575 7.133562
v 20.657652 19.666021 7.280780
v 20.714769 19.615860 7.337896
v 20.767704 19.552912 7.390831
v 20.812803 19.479107 7.435930
v 20.848484 19.396194 7.471611
v 20.876478 19.306370 7.499606
v 20.899351 19.211937 7.522478
v 19.260036 19.131386 7.647527
v 19.490490 19.131386 7.748699
v 19.740324 19.131386 7.809912
v 20.000000 19.131386 7.830416
v 20.259676 19.131386 7.809912
v 20.509510 19.131386 7.748699
v 20.739964 19.131386 7.647527
v 20.510435 19.711575 7.273822
v 20.361021 19.726265 7.317186
v 20.186535 19.736639 7.347627
v 20.000000 19.740498 7.358896
v 19.813465 19.736639 7.347627
v 19.638979 19.726265 7.317186
v 19.489565 19.711575 7.273822
v 18.953104 19.211946 7.334530
v 18.979755 19.306452 7.316452
v 19.012421 19.396471 7.294345
v 19.054102 19.479763 7.266196
v 19.107340 19.554234 7.230988
v 19.172796 19.618402 7.191690
v 19.251448 19.671047 7.154121
v 18.847715 19.211969 7.114962
v 18.877081 19.306633 7.102470
v 18.913116 19.397081 7.087204
v 18.959156 19.481205 7.067777
v 19.018408 19.557106 7.043700
v 19.093575 19.623701 7.018083
v 19.187731 19.680216 6.995667
v 18.784483 19.211992 6.874314
v 18.815487 19.306812 6.867936
v 18.853565 19.397690 6.860145
v 18.902260 19.482649 6.850233
v 18.965126 19.559916 6.838020
v 19.045782 19.628510 6.825430
v 19.147924 19.687658 6.815007
v 18.763407 19.212002 6.623127
v 18.794956 19.306894 6.623127
v 18.833725 19.397966 6.623127
v 18.883318 19.483303 6.623127
v 18.947378 19.561176 6.623127
v 19.029680 19.630562 6.623127
v 19.134029 19.690617 6.623127
v 18.784483 19.211992 6.371940
v 18.815487 19.306812 6.378318
v 18.853565 19.397690 6.386109
v 18.902260 19.482649 6.396021
v 18.965126 19.559916 6.408234
v 19.045782 19.628510 6.420824
v 19.147924 19.687658 6.431247
v 18.847715 19.211969 6.131292
v 18.877081 19.306633 6.143784
v 18.913116 19.397081 6.159050
v 18.959156 19.481205 6.178477
v 19.018408 19.557106 6.202554
v 19.093575 19.623701 6.228171
v 19.187731 19.680216 6.250587
v 18.953104 19.211946 5.911724
v 18.979755 19.306452 5.929802
v 19.012421 19.396471 5.951909
v 19.054102 19.479763 5.980058
v 19.107338 19.554234 6.015266
v 19.172796 19.618402 6.054564
v 19.251448 19.671047 6.092133
v 19.288597 19.211946 5.576230
v 19.306675 19.306452 5.602883
v 19.328781 19.396471 5.635547
v 19.356930 19.479763 5.677229
v 19.392139 19.554234 5.730466
v 19.431437 19.618402 5.795924
v 19.469006 19.671047 5.874574
v 19.508165 19.211969 5.470842
v 19.520657 19.306633 5.500208
v 19.535923 19.397081 5.536244
v 19.555351 19.481205 5.582283
v 19.579428 19.557106 5.641534
v 19.605045 19.623701 5.716701
v 19.627459 19.680216 5.810858
v 19.748812 19.211992 5.407611
v 19.755190 19.306812 5.438613
v 19.762981 19.397690 5.476692
v 19.772894 19.482649 5.525388
v 19.785107 19.559916 5.588253
v 19.797697 19.628510 5.668909
v 19.808121 19.687658 5.771051
v 20.000000 19.212002 5.386534
v 20.000000 19.306894 5.418084
v 20.000000 19.397966 5.456851
v 20.000000 19.483303 5.506444
v 20.000000 19.561176 5.570505
v 20.000000 19.630562 5.652807
v 20.000000 19.690617 5.757156
v 20.251188 19.211992 5.407611
v 20.244810 19.306812 5.438613
v 20.237019 19.397690 5.476692
v 20.227106 19.482649 5.525387
v 20.214893 19.559916 5.588253
v 20.202303 19.628510 5.668909
v 20.191879 19.687658 5.771051
v 20.491835 19.211969 5.470842
v 20.479343 19.306633 5.500208
v 20.464077 19.397081 5.536243
v 20.444649 19.481205 5.582283
v 20.420574 19.557106 5.641534
v 20.394955 19.623701 5.716701
v 20.372541 19.680216 5.810858
v 20.711403 19.211946 5.576230
v 20.693325 19.306452 5.602883
v 20.671219 19.396471 5.635547
v 20.643070 19.479763 5.677229
v 20.607861 19.554234 5.730466
v 20.568563 19.618402 5.795923
v 20.530994 19.671047 5.874574
v 21.046896 19.211946 5.911724
v 21.020245 19.306452 5.929802
v 20.987579 19.396471 5.951909
v 20.945898 19.479763 5.980058
v 20.892660 19.554234 6.015266
v 20.827204 19.618402 6.054564
v 20.748552 19.671047 6.092133
v 21.152285 19.211969 6.131292
v 21.122919 19.306633 6.143784
v 21.086884 19.397081 6.159050
v 21.040844 19.481205 6.178477
v 20.981592 19.557106 6.202554
v 20.906425 19.623701 6.228171
v 20.812269 19.680216 6.250587
v 21.215517 19.211992 6.371940
v 21.184513 19.306812 6.378318
v 21.146435 19.397690 6.386109
v 21.097740 19.482649 6.396021
v 21.034874 19.559916 6.408234
v 20.954218 19.628510 6.420824
v 20.852076 19.687658 6.431247
v 21.236593 19.212002 6.623127
v 21.205044 19.306894 6.623127
v 21.166275 19.397966 6.623127
v 21.116682 19.483303 6.623127
v 21.052622 19.561176 6.623127
v 20.970320 19.630562 6.623127
v 20.865971 19.690617 6.623127
v 21.215517 19.211992 6.874314
v 21.184513 19.306812 6.867936
v 21.146435 19.397690 6.860145
v 21.097740 19.482649 6.850233
v 21.034874 19.559916 6.838020
v 20.954218 19.628510 6.825430
v 20.852076 19.687658 6.815007
v 21.152285 19.211969 7.114962
v 21.122919 19.306633 7.102470
v 21.086884 19.397081 7.087204
v 21.040844 19.481205 7.067777
v 20.981592 19.557106 7.043700
v 20.906425 19.623701 7.018083
v 20.812269 19.680216 6.995667
v 21.046896 19.211946 7.334530
v 21.020245 19.306452 7.316452
v 20.987579 19.396471 7.294345
v 20.945898 19.479763 7.266196
v 20.892662 19.554234 7.230988
v 20.827204 19.618402 7.191690
v 20.748552 19.671047 7.154121
v 20.711403 19.211946 7.670024
v 20.693325 19.306452 7.643371
v 20.671219 19.396471 7.610707
v 20.643070 19.479763 7.569025
v 20.607861 19.554234 7.515788
v 20.568563 19.618402 7.450330
v 20.530994 19.671047 7.371680
v 20.491835 19.211969 7.775412
v 20.479343 19.306633 7.746046
v 20.464077 19.397081 7.710010
v 20.444649 19.481205 7.663971
v 20.420572 19.557106 7.604720
v 20.394955 19.623701 7.529553
v 20.372541 19.680216 7.435396
v 20.251188 19.211992 7.838643
v 20.244810 19.306812 7.807641
v 20.237019 19.397690 7.769562
v 20.227106 19.482649 7.720866
v 20.214893 19.559916 7.658000
v 20.202303 19.628510 7.577345
v 20.191879 19.687658 7.475203
v 20.000000 19.212002 7.859720
v 20.000000 19.306894 7.828170
v 20.000000 19.397966 7.789403
v 20.000000 19.483303 7.739810
v 20.000000 19.561176 7.675749
v 20.000000 19.630562 7.593447
v 20.000000 19.690617 7.489098
v 19.748812 19.211992 7.838643
v 19.755190 19.306812 7.807641
v 19.762981 19.397690 7.769562
v 19.772894 19.482649 7.720866
v 19.785107 19.559916 7.658001
v 19.797697 19.628510 7.577345
v 19.808121 19.687658 7.475203
v 19.508165 19.211969 7.775412
v 19.520657 19.306633 7.746046
v 19.535923 19.397081 7.710011
v 19.555351 19.481205 7.663971
v 19.579426 19.557106 7.604720
v 19.605045 19.623701 7.529553
v 19.627459 19.680216 7.435396
v 19.288597 19.211946 7.670024
v 19.306675 19.306452 7.643371
v 19.328781 19.396471 7.610707
v 19.356930 19.479763 7.569025
v 19.392139 19.554234 7.515788
v 19.431437 19.618402 7.450331
v 19.469006 19.671047 7.371680
v 19.184706 19.115198 5.807833
v 19.447964 19.115198 5.736097
v 19.721176 19.115198 5.690481
v 20.000000 19.115198 5.674726
v 20.278824 19.115198 5.690481
v 20.552036 19.115198 5.736097
v 20.815294 19.115198 5.807833
v 19.112970 19.115198 6.071091
v 19.406052 19.115198 6.029179
v 19.702127 19.115198 6.001039
v 20.000000 19.115198 5.990860
v 20.297873 19.115198 6.001038
v 20.593948 19.115198 6.029179
v 20.887030 19.115198 6.071091
v 19.067354 19.115198 6.344302
v 19.377911 19.115198 6.325255
v 19.688843 19.115198 6.311970
v 20.000000 19.115198 6.306993
v 20.311157 19.115198 6.311970
v 20.622089 19.115198 6.325255
v 20.932646 19.115198 6.344302
v 19.051600 19.115198 6.623127
v 19.367733 19.115198 6.623127
v 19.683867 19.115198 6.623127
v 20.000000 19.115198 6.623127
v 20.316133 19.115198 6.623127
v 20.632267 19.115198 6.623127
v 20.948400 19.115198 6.623127
v 19.067354 19.115198 6.901952
v 19.377911 19.115198 6.920999
v 19.688843 19.115198 6.934284
v 20.000000 19.115198 6.939260
v 20.311157 19.115198 6.934284
v 20.622089 19.115198 6.920999
v 20.932646 19.115198 6.901952
v 19.112970 19.115198 7.175163
v 19.406052 19.115198 7.217075
v 19.702127 19.115198 7.245215
v 20.000000 19.115198 7.255394
v 20.297873 19.115198 7.245215
v 20.593948 19.115198 7.217075
v 20.887030 19.115198 7.175163
v 19.184706 19.115198 7.438421
v 19.447964 19.115198 7.510157
v 19.721176 19.115198 7.555774
v 20.000000 19.115198 7.571528
v 20.278824 19.115198 7.555773
v 20.552036 19.115198 7.510157
v 20.815294 19.115198 7.438421
v 20.522554 19.740845 6.100574
v 20.365683 19.761696 6.074893
v 20.188108 19.774862 6.053769
v 20.000000 19.779495 6.045348
v 19.811892 19.774862 6.053769
v 19.634317 19.761696 6.074893
v 19.477446 19.740845 6.100574
v 20.548235 19.761696 6.257445
v 20.379229 19.786892 6.243898
v 20.193802 19.802219 6.231112
v 20.000000 19.807419 6.225583
v 19.806198 19.802219 6.231112
v 19.620771 19.786892 6.243898
v 19.451765 19.761696 6.257445
v 20.569359 19.774862 6.435019
v 20.392014 19.802219 6.429326
v 20.199747 19.818699 6.423379
v 20.000000 19.824215 6.420648
v 19.800253 19.818699 6.423379
v 19.607986 19.802219 6.429326
v 19.430641 19.774862 6.435019
v 20.577778 19.779495 6.623127
v 20.397543 19.807419 6.623127
v 20.202478 19.824215 6.623127
v 20.000000 19.829826 6.623127
v 19.797522 19.824215 6.623127
v 19.602457 19.807419 6.623127
v 19.422222 19.779495 6.623127
v 20.569359 19.774862 6.811235
v 20.392014 19.802219 6.816928
v 20.199747 19.818699 6.822875
v 20.000000 19.824215 6.825606
v 19.800253 19.818699 6.822875
v 19.607986 19.802219 6.816928
v 19.430641 19.774862 6.811235
v 20.548235 19.761696 6.988809
v 20.379229 19.786892 7.002356
v 20.193802 19.802219 7.015141
v 20.000000 19.807419 7.020671
v 19.806198 19.802219 7.015141
v 19.620771 19.786892 7.002356
v 19.451765 19.761696 6.988809
v 20.522554 19.740845 7.145680
v 20.365683 19.761696 7.171361
v 20.188108 19.774862 7.192485
v 20.000000 19.779495 7.200906
v 19.811892 19.774862 7.192485
v 19.634317 19.761696 7.171361
v 19.477446 19.740845 7.145680
vn -0.8543 0.3193 0.4101
vn -0.8272 0.3972 0.3975
vn -0.7739 0.5116 0.3733
vn -0.6866 0.6455 0.3345
vn -0.5781 0.7640 0.2866
vn -0.4595 0.8565 0.2351
vn -0.9175 0.3163 0.2412
vn -0.8892 0.3932 0.2340
vn -0.8340 0.5056 0.2208
vn -0.7425 0.6393 0.1997
vn -0.6211 0.7646 0.1722
vn -0.4848 0.8630 0.1421
vn -0.9459 0.3146 0.0794
vn -0.9173 0.3907 0.0771
vn -0.8619 0.5017 0.0730
vn -0.7697 0.6350 0.0666
vn -0.6425 0.7641 0.0582
vn -0.4975 0.8661 0.0489
vn -0.9459 0.3146 -0.0794
vn -0.9173 0.3907 -0.0771
vn -0.8619 0.5017 -0.0730
vn -0.7697 0.6350 -0.0666
vn -0.6425 0.7641 -0.0582
vn -0.4975 0.8661 -0.0489
vn -0.9175 0.3163 -0.2412
vn -0.8892 0.3932 -0.2340
vn -0.8340 0.5056 -0.2208
vn -0.7425 0.6393 -0.1997
vn -0.6211 0.7646 -0.1722
vn -0.4848 0.8630 -0.1421
vn -0.8543 0.3193 -0.4101
vn -0.8272 0.3972 -0.3975
vn -0.7739 0.5116 -0.3733
vn -0.6866 0.6455 -0.3345
vn -0.5781 0.7640 -0.2866
vn -0.4595 0.8565 -0.2351
vn -0.8026 0.0750 0.5918
vn -0.7447 0.3219 0.5846
vn -0.7206 0.4007 0.5659
vn -0.6730 0.5166 0.5293
vn -0.5962 0.6503 0.4707
vn -0.5060 0.7631 0.4021
vn -0.4122 0.8489 0.3307
vn -0.3280 0.9067 0.2651
vn -0.3408 0.9208 0.1899
vn -0.3512 0.9291 0.1161
vn -0.3571 0.9332 0.0406
vn -0.3571 0.9332 -0.0406
vn -0.3512 0.9291 -0.1161
vn -0.3408 0.9208 -0.1899
vn -0.3280 0.9067 -0.2651
vn -0.4122 0.8489 -0.3307
vn -0.5060 0.7631 -0.4021
vn -0.5962 0.6503 -0.4707
vn -0.6730 0.5166 -0.5293
vn -0.7206 0.4007 -0.5659
vn -0.7447 0.3219 -0.5847
vn -0.8026 0.0750 -0.5918
vn -0.8977 -0.1559 -0.4120
vn -0.9301 -0.2816 -0.2360
vn -0.9394 -0.3341 -0.0765
vn -0.9394 -0.3341 0.0765
vn -0.9301 -0.2816 0.2360
vn -0.8977 -0.1559 0.4120
vn -0.4101 0.3193 -0.8543
vn -0.3975 0.3972 -0.8272
vn -0.3733 0.5116 -0.7739
vn -0.3345 0.6455 -0.6866
vn -0.2866 0.7640 -0.5781
vn -0.2351 0.8565 -0.4595
vn -0.2412 0.3163 -0.9175
vn -0.2340 0.3932 -0.8892
vn -0.2208 0.5056 -0.8340
vn -0.1997 0.6393 -0.7425
vn -0.1722 0.7646 -0.6211
vn -0.1421 0.8630 -0.4848
vn -0.0794 0.3146 -0.9459
vn -0.0771 0.3907 -0.9173
vn -0.0730 0.5017 -0.8619
vn -0.0666 0.6350 -0.7697
vn -0.0582 0.7641 -0.6425
vn -0.0489 0.8661 -0.4975
vn 0.0794 0.3146 -0.9459
vn 0.0771 0.3907 -0.9173
vn 0.0730 0.5017 -0.8619
vn 0.0666 0.6350 -0.7697
vn 0.0582 0.7641 -0.6425
vn 0.0489 0.8661 -0.4975
vn 0.2412 0.3163 -0.9175
vn 0.2340 0.3932 -0.8892
vn 0.2208 0.5056 -0.8340
vn 0.1997 0.6393 -0.7425
vn 0.1722 0.7646 -0.6211
vn 0.1421 0.8630 -0.4848
vn 0.4101 0.3193 -0.8543
vn 0.3975 0.3972 -0.8272
vn 0.3733 0.5116 -0.7739
vn 0.3345 0.6455 -0.6866
vn 0.2866 0.7640 -0.5781
vn 0.2351 0.8565 -0.4595
vn -0.5918 0.0750 -0.8026
vn -0.5846 0.3219 -0.7447
vn -0.5659 0.4007 -0.7206
vn -0.5293 0.5166 -0.6730
vn -0.4707 0.6503 -0.5962
vn -0.4021 0.7631 -0.5060
vn -0.3307 0.8489 -0.4122
vn -0.2651 0.9067 -0.3280
vn -0.1899 0.9208 -0.3408
vn -0.1161 0.9291 -0.3512
vn -0.0406 0.9332 -0.3571
vn 0.0406 0.9332 -0.3571
vn 0.1161 0.9291 -0.3512
vn 0.1899 0.9208 -0.3408
vn 0.2651 0.9067 -0.3280
vn 0.3307 0.8489 -0.4122
vn 0.4021 0.7631 -0.5060
vn 0.4707 0.6503 -0.5962
vn 0.5293 0.5166 -0.6730
vn 0.5659 0.4007 -0.7206
vn 0.5847 0.3219 -0.7447
vn 0.5918 0.0750 -0.8026
vn 0.4120 -0.1559 -0.8977
vn 0.2360 -0.2816 -0.9301
vn 0.0765 -0.3341 -0.9394
vn -0.0765 -0.3341 -0.9394
vn -0.2360 -0.2816 -0.9301
vn -0.4120 -0.1559 -0.8977
vn 0.8543 0.3193 -0.4101
vn 0.8272 0.3972 -0.3975
vn 0.7739 0.5116 -0.3733
vn 0.6866 0.6455 -0.3345
vn 0.5781 0.7640 -0.2866
vn 0.4595 0.8565 -0.2351
vn 0.9175 0.3163 -0.2412
vn 0.8892 0.3932 -0.2340
vn 0.8340 0.5056 -0.2208
vn 0.7425 0.6393 -0.1997
vn 0.6211 0.7646 -0.1722
vn 0.4848 0.8630 -0.1421
vn 0.9459 0.3146 -0.0794
vn 0.9173 0.3907 -0.0771
vn 0.8619 0.5017 -0.0730
vn 0.7697 0.6350 -0.0666
vn 0.6425 0.7641 -0.0582
vn 0.4975 0.8661 -0.0489
vn 0.9459 0.3146 0.0794
vn 0.9173 0.3907 0.0771
vn 0.8619 0.5017 0.0730
vn 0.7697 0.6350 0.0666
vn 0.6425 0.7641 0.0582
vn 0.4975 0.8661 0.0489
vn 0.9175 0.3163 0.2412
vn 0.8892 0.3932 0.2340
vn 0.8340 0.5056 0.2208
vn 0.7425 0.6393 0.1997
vn 0.6211 0.7646 0.1722
vn 0.4848 0.8630 0.1421
vn 0.8543 0.3193 0.4101
vn 0.8272 0.3972 0.3975
vn 0.7739 0.5116 0.3733
vn 0.6866 0.6455 0.3345
vn 0.5781 0.7640 0.2866
vn 0.4595 0.8565 0.2351
vn 0.8026 0.0750 -0.5918
vn 0.7447 0.3219 -0.5846
vn 0.7206 0.4007 -0.5659
vn 0.6730 0.5166 -0.5293
vn 0.5962 0.6503 -0.4707
vn 0.5060 0.7631 -0.4021
vn 0.4122 0.8489 -0.3307
vn 0.3280 0.9067 -0.2651
vn 0.3408 0.9208 -0.1899
vn 0.3512 0.9291 -0.1161
vn 0.3571 0.9332 -0.0406
vn 0.3571 0.9332 0.0406
vn 0.3512 0.9291 0.1161
vn 0.3408 0.9208 0.1899
vn 0.3280 0.9067 0.2651
vn 0.4122 0.8489 0.3307
vn 0.5060 0.7631 0.4021
vn 0.5962 0.6503 0.4707
vn 0.6730 0.5166 0.5293
vn 0.7206 0.4007 0.5659
vn 0.7447 0.3219 0.5847
vn 0.8026 0.0750 0.5918
vn 0.8977 -0.1559 0.4120
vn 0.9301 -0.2816 0.2360
vn 0.9394 -0.3341 0.0765
vn 0.9394 -0.3341 -0.0765
vn 0.9301 -0.2816 -0.2360
vn 0.8977 -0.1559 -0.4120
vn 0.4101 0.3193 0.8543
vn 0.3975 0.3972 0.8272
vn 0.3733 0.5116 0.7739
vn 0.3345 0.6455 0.6866
vn 0.2866 0.7640 0.5781
vn 0.2351 0.8565 0.4595
vn 0.2412 0.3163 0.9175
vn 0.2340 0.3932 0.8892
vn 0.2208 0.5056 0.8340
vn 0.1997 0.6393 0.7425
vn 0.1722 0.7646 0.6211
vn 0.1421 0.8630 0.4848
vn 0.0794 0.3146 0.9459
vn 0.0771 0.3907 0.9173
vn 0.0730 0.5017 0.8619
vn 0.0666 0.6350 0.7697
vn 0.0582 0.7641 0.6425
vn 0.0489 0.8661 0.4975
vn -0.0794 0.3146 0.9459
vn -0.0771 0.3907 0.9173
vn -0.0730 0.5017 0.8619
vn -0.0666 0.6350 0.7697
vn -0.0582 0.7641 0.6425
vn -0.0489 0.8661 0.4975
vn -0.2412 0.3163 0.9175
vn -0.2340 0.3932 0.8892
vn -0.2208 0.5056 0.8340
vn -0.1997 0.6393 0.7425
vn -0.1722 0.7646 0.6211
vn -0.1421 0.8630 0.4848
vn -0.4101 0.3193 0.8543
vn -0.3975 0.3972 0.8272
vn -0.3733 0.5116 0.7739
vn -0.3345 0.6455 0.6866
vn -0.2866 0.7640 0.5781
vn -0.2351 0.8565 0.4595
vn 0.5918 0.0750 0.8026
vn 0.5846 0.3219 0.7447
vn 0.5659 0.4007 0.7206
vn 0.5293 0.5166 0.6730
vn 0.4707 0.6503 0.5962
vn 0.4021 0.7631 0.5060
vn 0.3307 0.8489 0.4122
vn 0.2651 0.9067 0.3280
vn 0.1899 0.9208 0.3408
vn 0.1161 0.9291 0.3512
vn 0.0406 0.9332 0.3571
vn -0.0406 0.9332 0.3571
vn -0.1161 0.9291 0.3512
vn -0.1899 0.9208 0.3408
vn -0.2651 0.9067 0.3280
vn -0.3307 0.8489 0.4122
vn -0.4021 0.7631 0.5060
vn -0.4707 0.6503 0.5962
vn -0.5293 0.5166 0.6730
vn -0.5659 0.4007 0.7206
vn -0.5847 0.3219 0.7447
vn -0.5918 0.0750 0.8026
vn -0.4120 -0.1559 0.8977
vn -0.2360 -0.2816 0.9301
vn -0.0765 -0.3341 0.9394
vn 0.0765 -0.3341 0.9394
vn 0.2360 -0.2816 0.9301
vn 0.4120 -0.1559 0.8977
vn -0.0000 -1.0000 -0.0000
vn -0.1282 -0.9834 -0.1282
vn -0.0278 -0.9965 -0.0794
vn -0.0137 -0.9976 -0.0673
vn -0.0043 -0.9980 -0.0631
vn 0.0043 -0.9980 -0.0631
vn 0.0137 -0.9976 -0.0673
vn 0.0278 -0.9965 -0.0794
vn 0.1282 -0.9834 -0.1282
vn 0.0794 -0.9965 -0.0278
vn 0.0673 -0.9976 -0.0137
vn 0.0631 -0.9980 -0.0043
vn 0.0631 -0.9980 0.0043
vn 0.0673 -0.9976 0.0137
vn 0.0794 -0.9965 0.0278
vn 0.1282 -0.9834 0.1282
vn 0.0278 -0.9965 0.0794
vn 0.0137 -0.9976 0.0673
vn 0.0043 -0.9980 0.0631
vn -0.0043 -0.9980 0.0631
vn -0.0137 -0.9976 0.0673
vn -0.0278 -0.9965 0.0794
vn -0.1282 -0.9834 0.1282
vn -0.0794 -0.9965 0.0278
vn -0.0673 -0.9976 0.0137
vn -0.0631 -0.9980 0.0043
vn -0.0631 -0.9980 -0.0043
vn -0.0673 -0.9976 -0.0137
vn -0.0794 -0.9965 -0.0278
vn 0.1566 0.9752 -0.1566
vn 0.0916 0.9838 -0.1544
vn 0.0310 0.9877 -0.1532
vn -0.0310 0.9877 -0.1532
vn -0.0916 0.9838 -0.1544
vn -0.1566 0.9752 -0.1566
vn 0.1544 0.9838 -0.0916
vn 0.0879 0.9922 -0.0879
vn 0.0289 0.9959 -0.0860
vn -0.0289 0.9959 -0.0860
vn -0.0879 0.9922 -0.0879
vn -0.1544 0.9838 -0.0916
vn 0.1532 0.9877 -0.0310
vn 0.0860 0.9959 -0.0289
vn 0.0278 0.9992 -0.0278
vn -0.0278 0.9992 -0.0278
vn -0.0860 0.9959 -0.0289
vn -0.1532 0.9877 -0.0310
vn 0.1532 0.9877 0.0310
vn 0.0860 0.9959 0.0289
vn 0.0278 0.9992 0.0278
vn -0.0278 0.9992 0.0278
vn -0.0860 0.9959 0.0289
vn -0.1532 0.9877 0.0310
vn 0.1544 0.9838 0.0916
vn 0.0879 0.9922 0.0879
vn 0.0289 0.9959 0.0860
vn -0.0289 0.9959 0.0860
vn -0.0879 0.9922 0.0879
vn -0.1544 0.9838 0.0916
vn 0.1566 0.9752 0.1566
vn 0.0916 0.9838 0.1544
vn 0.0310 0.9877 0.1532
vn -0.0310 0.9877 0.1532
vn -0.0916 0.9838 0.1544
vn -0.1566 0.9752 0.1566
vn 0.2313 0.9450 -0.2313
vn 0.1644 0.9577 -0.2362
vn 0.0995 0.9660 -0.2385
vn 0.0346 0.9703 -0.2395
vn -0.0346 0.9703 -0.2395
vn -0.0995 0.9660 -0.2385
vn -0.1644 0.9577 -0.2362
vn -0.2313 0.9450 -0.2313
vn -0.2362 0.9577 -0.1644
vn -0.2385 0.9660 -0.0995
vn -0.2395 0.9703 -0.0346
vn -0.2395 0.9703 0.0346
vn -0.2385 0.9660 0.0995
vn -0.2362 0.9577 0.1644
vn -0.2313 0.9450 0.2313
vn -0.1644 0.9577 0.2362
vn -0.0995 0.9660 0.2385
vn -0.0346 0.9703 0.2395
vn 0.0346 0.9703 0.2395
vn 0.0995 0.9660 0.2385
vn 0.1644 0.9577 0.2362
vn 0.2313 0.9450 0.2313
vn 0.2362 0.9577 0.1644
vn 0.2385 0.9660 0.0995
vn 0.2395 0.9703 0.0346
vn 0.2395 0.9703 -0.0346
vn 0.2385 0.9660 -0.0995
vn 0.2362 0.9577 -0.1644
vt 0.406250 0.031250
vt 0.437500 0.031250
vt 0.437500 0.062500
vt 0.406250 0.062500
vt 0.468750 0.031250
vt 0.468750 0.062500
vt 0.500000 0.031250
vt 0.500000 0.062500
vt 0.531250 0.031250
vt 0.531250 0.062500
vt 0.562500 0.031250
vt 0.562500 0.062500
vt 0.593750 0.031250
vt 0.593750 0.062500
vt 0.437500 0.093750
vt 0.406250 0.093750
vt 0.468750 0.093750
vt 0.500000 0.093750
vt 0.531250 0.093750
vt 0.562500 0.093750
vt 0.593750 0.093750
vt 0.437500 0.125000
vt 0.406250 0.125000
vt 0.468750 0.125000
vt 0.500000 0.125000
vt 0.531250 0.125000
vt 0.562500 0.125000
vt 0.593750 0.125000
vt 0.437500 0.156250
vt 0.406250 0.156250
vt 0.468750 0.156250
vt 0.500000 0.156250
vt 0.531250 0.156250
vt 0.562500 0.156250
vt 0.593750 0.156250
vt 0.437500 0.187500
vt 0.406250 0.187500
vt 0.468750 0.187500
vt 0.500000 0.187500
vt 0.531250 0.187500
vt 0.562500 0.187500
vt 0.593750 0.187500
vt 0.437500 0.218750
vt 0.406250 0.218750
vt 0.468750 0.218750
vt 0.500000 0.218750
vt 0.531250 0.218750
vt 0.562500 0.218750
vt 0.593750 0.218750
vt 0.375000 0.000000
vt 0.406250 0.000000
vt 0.375000 0.031250
vt 0.437500 0.000000
vt 0.468750 0.000000
vt 0.500000 0.000000
vt 0.531250 0.000000
vt 0.562500 0.000000
vt 0.593750 0.000000
vt 0.625000 0.000000
vt 0.625000 0.031250
vt 0.625000 0.062500
vt 0.625000 0.093750
vt 0.625000 0.125000
vt 0.625000 0.156250
vt 0.625000 0.187500
vt 0.625000 0.218750
vt 0.625000 0.250000
vt 0.593750 0.250000
vt 0.562500 0.250000
vt 0.531250 0.250000
vt 0.500000 0.250000
vt 0.468750 0.250000
vt 0.437500 0.250000
vt 0.406250 0.250000
vt 0.375000 0.218750
vt 0.375000 0.250000
vt 0.375000 0.187500
vt 0.375000 0.156250
vt 0.375000 0.125000
vt 0.375000 0.093750
vt 0.375000 0.062500
vt 0.406250 0.281250
vt 0.437500 0.281250
vt 0.437500 0.312500
vt 0.406250 0.312500
vt 0.468750 0.281250
vt 0.468750 0.312500
vt 0.500000 0.281250
vt 0.500000 0.312500
vt 0.531250 0.281250
vt 0.531250 0.312500
vt 0.562500 0.281250
vt 0.562500 0.312500
vt 0.593750 0.281250
vt 0.593750 0.312500
vt 0.437500 0.343750
vt 0.406250 0.343750
vt 0.468750 0.343750
vt 0.500000 0.343750
vt 0.531250 0.343750
vt 0.562500 0.343750
vt 0.593750 0.343750
vt 0.437500 0.375000
vt 0.406250 0.375000
vt 0.468750 0.375000
vt 0.500000 0.375000
vt 0.531250 0.375000
vt 0.562500 0.375000
vt 0.593750 0.375000
vt 0.437500 0.406250
vt 0.406250 0.406250
vt 0.468750 0.406250
vt 0.500000 0.406250
vt 0.531250 0.406250
vt 0.562500 0.406250
vt 0.593750 0.406250
vt 0.437500 0.437500
vt 0.406250 0.437500
vt 0.468750 0.437500
vt 0.500000 0.437500
vt 0.531250 0.437500
vt 0.562500 0.437500
vt 0.593750 0.437500
vt 0.437500 0.468750
vt 0.406250 0.468750
vt 0.468750 0.468750
vt 0.500000 0.468750
vt 0.531250 0.468750
vt 0.562500 0.468750
vt 0.593750 0.468750
vt 0.375000 0.281250
vt 0.625000 0.281250
vt 0.625000 0.312500
vt 0.625000 0.343750
vt 0.625000 0.375000
vt 0.625000 0.406250
vt 0.625000 0.437500
vt 0.625000 0.468750
vt 0.625000 0.500000
vt 0.593750 0.500000
vt 0.562500 0.500000
vt 0.531250 0.500000
vt 0.500000 0.500000
vt 0.468750 0.500000
vt 0.437500 0.500000
vt 0.406250 0.500000
vt 0.375000 0.468750
vt 0.375000 0.500000
vt 0.375000 0.437500
vt 0.375000 0.406250
vt 0.375000 0.375000
vt 0.375000 0.343750
vt 0.375000 0.312500
vt 0.406250 0.531250
vt 0.437500 0.531250
vt 0.437500 0.562500
vt 0.406250 0.562500
vt 0.468750 0.531250
vt 0.468750 0.562500
vt 0.500000 0.531250
vt 0.500000 0.562500
vt 0.531250 0.531250
vt 0.531250 0.562500
vt 0.562500 0.531250
vt 0.562500 0.562500
vt 0.593750 0.531250
vt 0.593750 0.562500
vt 0.437500 0.593750
vt 0.406250 0.593750
vt 0.468750 0.593750
vt 0.500000 0.593750
vt 0.531250 0.593750
vt 0.562500 0.593750
vt 0.593750 0.593750
vt 0.437500 0.625000
vt 0.406250 0.625000
vt 0.468750 0.625000
vt 0.500000 0.625000
vt 0.531250 0.625000
vt 0.562500 0.625000
vt 0.593750 0.625000
vt 0.437500 0.656250
vt 0.406250 0.656250
vt 0.468750 0.656250
vt 0.500000 0.656250
vt 0.531250 0.656250
vt 0.562500 0.656250
vt 0.593750 0.656250
vt 0.437500 0.687500
vt 0.406250 0.687500
vt 0.468750 0.687500
vt 0.500000 0.687500
vt 0.531250 0.687500
vt 0.562500 0.687500
vt 0.593750 0.687500
vt 0.437500 0.718750
vt 0.406250 0.718750
vt 0.468750 0.718750
vt 0.500000 0.718750
vt 0.531250 0.718750
vt 0.562500 0.718750
vt 0.593750 0.718750
vt 0.375000 0.531250
vt 0.625000 0.531250
vt 0.625000 0.562500
vt 0.625000 0.593750
vt 0.625000 0.625000
vt 0.625000 0.656250
vt 0.625000 0.687500
vt 0.625000 0.718750
vt 0.625000 0.750000
vt 0.593750 0.750000
vt 0.562500 0.750000
vt 0.531250 0.750000
vt 0.500000 0.750000
vt 0.468750 0.750000
vt 0.437500 0.750000
vt 0.406250 0.750000
vt 0.375000 0.718750
vt 0.375000 0.750000
vt 0.375000 0.687500
vt 0.375000 0.656250
vt 0.375000 0.625000
vt 0.375000 0.593750
vt 0.375000 0.562500
vt 0.406250 0.781250
vt 0.437500 0.781250
vt 0.437500 0.812500
vt 0.406250 0.812500
vt 0.468750 0.781250
vt 0.468750 0.812500
vt 0.500000 0.781250
vt 0.500000 0.812500
vt 0.531250 0.781250
vt 0.531250 0.812500
vt 0.562500 0.781250
vt 0.562500 0.812500
vt 0.593750 0.781250
vt 0.593750 0.812500
vt 0.437500 0.843750
vt 0.406250 0.843750
vt 0.468750 0.843750
vt 0.500000 0.843750
vt 0.531250 0.843750
vt 0.562500 0.843750
vt 0.593750 0.843750
vt 0.437500 0.875000
vt 0.406250 0.875000
vt 0.468750 0.875000
vt 0.500000 0.875000
vt 0.531250 0.875000
vt 0.562500 0.875000
vt 0.593750 0.875000
vt 0.437500 0.906250
vt 0.406250 0.906250
vt 0.468750 0.906250
vt 0.500000 0.906250
vt 0.531250 0.906250
vt 0.562500 0.906250
vt 0.593750 0.906250
vt 0.437500 0.937500
vt 0.406250 0.937500
vt 0.468750 0.937500
vt 0.500000 0.937500
vt 0.531250 0.937500
vt 0.562500 0.937500
vt 0.593750 0.937500
vt 0.437500 0.968750
vt 0.406250 0.968750
vt 0.468750 0.968750
vt 0.500000 0.968750
vt 0.531250 0.968750
vt 0.562500 0.968750
vt 0.593750 0.968750
vt 0.375000 0.781250
vt 0.625000 0.781250
vt 0.625000 0.812500
vt 0.625000 0.843750
vt 0.625000 0.875000
vt 0.625000 0.906250
vt 0.625000 0.937500
vt 0.625000 0.968750
vt 0.625000 1.000000
vt 0.593750 1.000000
vt 0.562500 1.000000
vt 0.531250 1.000000
vt 0.500000 1.000000
vt 0.468750 1.000000
vt 0.437500 1.000000
vt 0.406250 1.000000
vt 0.375000 0.968750
vt 0.375000 1.000000
vt 0.375000 0.937500
vt 0.375000 0.906250
vt 0.375000 0.875000
vt 0.375000 0.843750
vt 0.375000 0.812500
vt 0.156250 0.531250
vt 0.187500 0.531250
vt 0.187500 0.562500
vt 0.156250 0.562500
vt 0.218750 0.531250
vt 0.218750 0.562500
vt 0.250000 0.531250
vt 0.250000 0.562500
vt 0.281250 0.531250
vt 0.281250 0.562500
vt 0.312500 0.531250
vt 0.312500 0.562500
vt 0.343750 0.531250
vt 0.343750 0.562500
vt 0.187500 0.593750
vt 0.156250 0.593750
vt 0.218750 0.593750
vt 0.250000 0.593750
vt 0.281250 0.593750
vt 0.312500 0.593750
vt 0.343750 0.593750
vt 0.187500 0.625000
vt 0.156250 0.625000
vt 0.218750 0.625000
vt 0.250000 0.625000
vt 0.281250 0.625000
vt 0.312500 0.625000
vt 0.343750 0.625000
vt 0.187500 0.656250
vt 0.156250 0.656250
vt 0.218750 0.656250
vt 0.250000 0.656250
vt 0.281250 0.656250
vt 0.312500 0.656250
vt 0.343750 0.656250
vt 0.187500 0.687500
vt 0.156250 0.687500
vt 0.218750 0.687500
vt 0.250000 0.687500
vt 0.281250 0.687500
vt 0.312500 0.687500
vt 0.343750 0.687500
vt 0.187500 0.718750
vt 0.156250 0.718750
vt 0.218750 0.718750
vt 0.250000 0.718750
vt 0.281250 0.718750
vt 0.312500 0.718750
vt 0.343750 0.718750
vt 0.125000 0.500000
vt 0.156250 0.500000
vt 0.125000 0.531250
vt 0.187500 0.500000
vt 0.218750 0.500000
vt 0.250000 0.500000
vt 0.281250 0.500000
vt 0.312500 0.500000
vt 0.343750 0.500000
vt 0.343750 0.750000
vt 0.312500 0.750000
vt 0.281250 0.750000
vt 0.250000 0.750000
vt 0.218750 0.750000
vt 0.187500 0.750000
vt 0.156250 0.750000
vt 0.125000 0.718750
vt 0.125000 0.750000
vt 0.125000 0.687500
vt 0.125000 0.656250
vt 0.125000 0.625000
vt 0.125000 0.593750
vt 0.125000 0.562500
vt 0.656250 0.531250
vt 0.687500 0.531250
vt 0.687500 0.562500
vt 0.656250 0.562500
vt 0.718750 0.531250
vt 0.718750 0.562500
vt 0.750000 0.531250
vt 0.750000 0.562500
vt 0.781250 0.531250
vt 0.781250 0.562500
vt 0.812500 0.531250
vt 0.812500 0.562500
vt 0.843750 0.531250
vt 0.843750 0.562500
vt 0.687500 0.593750
vt 0.656250 0.593750
vt 0.718750 0.593750
vt 0.750000 0.593750
vt 0.781250 0.593750
vt 0.812500 0.593750
vt 0.843750 0.593750
vt 0.687500 0.625000
vt 0.656250 0.625000
vt 0.718750 0.625000
vt 0.750000 0.625000
vt 0.781250 0.625000
vt 0.812500 0.625000
vt 0.843750 0.625000
vt 0.687500 0.656250
vt 0.656250 0.656250
vt 0.718750 0.656250
vt 0.750000 0.656250
vt 0.781250 0.656250
vt 0.812500 0.656250
vt 0.843750 0.656250
vt 0.687500 0.687500
vt 0.656250 0.687500
vt 0.718750 0.687500
vt 0.750000 0.687500
vt 0.781250 0.687500
vt 0.812500 0.687500
vt 0.843750 0.687500
vt 0.687500 0.718750
vt 0.656250 0.718750
vt 0.718750 0.718750
vt 0.750000 0.718750
vt 0.781250 0.718750
vt 0.812500 0.718750
vt 0.843750 0.718750
vt 0.656250 0.500000
vt 0.687500 0.500000
vt 0.718750 0.500000
vt 0.750000 0.500000
vt 0.781250 0.500000
vt 0.812500 0.500000
vt 0.843750 0.500000
vt 0.875000 0.500000
vt 0.875000 0.531250
vt 0.875000 0.562500
vt 0.875000 0.593750
vt 0.875000 0.625000
vt 0.875000 0.656250
vt 0.875000 0.687500
vt 0.875000 0.718750
vt 0.875000 0.750000
vt 0.843750 0.750000
vt 0.812500 0.750000
vt 0.781250 0.750000
vt 0.750000 0.750000
vt 0.718750 0.750000
vt 0.687500 0.750000
vt 0.656250 0.750000
s 0
f 93/1/1 94/2/1 101/3/1 100/4/1
f 94/2/2 95/5/2 102/6/2 101/3/2
f 95/5/3 96/7/3 103/8/3 102/6/3
f 96/7/4 97/9/4 104/10/4 103/8/4
f 97/9/5 98/11/5 105/12/5 104/10/5
f 98/11/6 99/13/6 106/14/6 105/12/6
f 100/4/7 101/3/7 108/15/7 107/16/7
f 101/3/8 102/6/8 109/17/8 108/15/8
f 102/6/9 103/8/9 110/18/9 109/17/9
f 103/8/10 104/10/10 111/19/10 110/18/10
f 104/10/11 105/12/11 112/20/11 111/19/11
f 105/12/12 106/14/12 113/21/12 112/20/12
f 107/16/13 108/15/13 115/22/13 114/23/13
f 108/15/14 109/17/14 116/24/14 115/22/14
f 109/17/15 110/18/15 117/25/15 116/24/15
f 110/18/16 111/19/16 118/26/16 117/25/16
f 111/19/17 112/20/17 119/27/17 118/26/17
f 112/20/18 113/21/18 120/28/18 119/27/18
f 114/23/19 115/22/19 122/29/19 121/30/19
f 115/22/20 116/24/20 123/31/20 122/29/20
f 116/24/21 117/25/21 124/32/21 123/31/21
f 117/25/22 118/26/22 125/33/22 124/32/22
f 118/26/23 119/27/23 126/34/23 125/33/23
f 119/27/24 120/28/24 127/35/24 126/34/24
f 121/30/25 122/29/25 129/36/25 128/37/25
f 122/29/26 123/31/26 130/38/26 129/36/26
f 123/31/27 124/32/27 131/39/27 130/38/27
f 124/32/28 125/33/28 132/40/28 131/39/28
f 125/33/29 126/34/29 133/41/29 132/40/29
f 126/34/30 127/35/30 134/42/30 133/41/30
f 128/37/31 129/36/31 136/43/31 135/44/31
f 129/36/32 130/38/32 137/45/32 136/43/32
f 130/38/33 131/39/33 138/46/33 137/45/33
f 131/39/34 132/40/34 139/47/34 138/46/34
f 132/40/35 133/41/35 140/48/35 139/47/35
f 133/41/36 134/42/36 141/49/36 140/48/36
f 1/50/37 16/51/37 93/1/37 15/52/37
f 16/51/38 17/53/38 94/2/38 93/1/38
f 17/53/39 18/54/39 95/5/39 94/2/39
f 18/54/40 19/55/40 96/7/40 95/5/40
f 19/55/41 20/56/41 97/9/41 96/7/41
f 20/56/42 21/57/42 98/11/42 97/9/42
f 21/57/43 22/58/43 99/13/43 98/11/43
f 22/58/44 2/59/44 23/60/44 99/13/44
f 99/13/45 23/60/45 24/61/45 106/14/45
f 106/14/46 24/61/46 25/62/46 113/21/46
f 113/21/47 25/62/47 26/63/47 120/28/47
f 120/28/48 26/63/48 27/64/48 127/35/48
f 127/35/49 27/64/49 28/65/49 134/42/49
f 134/42/50 28/65/50 29/66/50 141/49/50
f 141/49/51 29/66/51 4/67/51 30/68/51
f 140/48/52 141/49/52 30/68/52 31/69/52
f 139/47/53 140/48/53 31/69/53 32/70/53
f 138/46/54 139/47/54 32/70/54 33/71/54
f 137/45/55 138/46/55 33/71/55 34/72/55
f 136/43/56 137/45/56 34/72/56 35/73/56
f 135/44/57 136/43/57 35/73/57 36/74/57
f 9/75/58 135/44/58 36/74/58 3/76/58
f 10/77/59 128/37/59 135/44/59 9/75/59
f 11/78/60 121/30/60 128/37/60 10/77/60
f 12/79/61 114/23/61 121/30/61 11/78/61
f 13/80/62 107/16/62 114/23/62 12/79/62
f 14/81/63 100/4/63 107/16/63 13/80/63
f 15/52/64 93/1/64 100/4/64 14/81/64
f 142/82/65 143/83/65 150/84/65 149/85/65
f 143/83/66 144/86/66 151/87/66 150/84/66
f 144/86/67 145/88/67 152/89/67 151/87/67
f 145/88/68 146/90/68 153/91/68 152/89/68
f 146/90/69 147/92/69 154/93/69 153/91/69
f 147/92/70 148/94/70 155/95/70 154/93/70
f 149/85/71 150/84/71 157/96/71 156/97/71
f 150/84/72 151/87/72 158/98/72 157/96/72
f 151/87/73 152/89/73 159/99/73 158/98/73
f 152/89/74 153/91/74 160/100/74 159/99/74
f 153/91/75 154/93/75 161/101/75 160/100/75
f 154/93/76 155/95/76 162/102/76 161/101/76
f 156/97/77 157/96/77 164/103/77 163/104/77
f 157/96/78 158/98/78 165/105/78 164/103/78
f 158/98/79 159/99/79 166/106/79 165/105/79
f 159/99/80 160/100/80 167/107/80 166/106/80
f 160/100/81 161/101/81 168/108/81 167/107/81
f 161/101/82 162/102/82 169/109/82 168/108/82
f 163/104/83 164/103/83 171/110/83 170/111/83
f 164/103/84 165/105/84 172/112/84 171/110/84
f 165/105/85 166/106/85 173/113/85 172/112/85
f 166/106/86 167/107/86 174/114/86 173/113/86
f 167/107/87 168/108/87 175/115/87 174/114/87
f 168/108/88 169/109/88 176/116/88 175/115/88
f 170/111/89 171/110/89 178/117/89 177/118/89
f 171/110/90 172/112/90 179/119/90 178/117/90
f 172/112/91 173/113/91 180/120/91 179/119/91
f 173/113/92 174/114/92 181/121/92 180/120/92
f 174/114/93 175/115/93 182/122/93 181/121/93
f 175/115/94 176/116/94 183/123/94 182/122/94
f 177/118/95 178/117/95 185/124/95 184/125/95
f 178/117/96 179/119/96 186/126/96 185/124/96
f 179/119/97 180/120/97 187/127/97 186/126/97
f 180/120/98 181/121/98 188/128/98 187/127/98
f 181/121/99 182/122/99 189/129/99 188/128/99
f 182/122/100 183/123/100 190/130/100 189/129/100
f 3/76/101 36/74/101 142/82/101 43/131/101
f 36/74/102 35/73/102 143/83/102 142/82/102
f 35/73/103 34/72/103 144/86/103 143/83/103
f 34/72/104 33/71/104 145/88/104 144/86/104
f 33/71/105 32/70/105 146/90/105 145/88/105
f 32/70/106 31/69/106 147/92/106 146/90/106
f 31/69/107 30/68/107 148/94/107 147/92/107
f 30/68/108 4/67/108 44/132/108 148/94/108
f 148/94/109 44/132/109 45/133/109 155/95/109
f 155/95/110 45/133/110 46/134/110 162/102/110
f 162/102/111 46/134/111 47/135/111 169/109/111
f 169/109/112 47/135/112 48/136/112 176/116/112
f 176/116/113 48/136/113 49/137/113 183/123/113
f 183/123/114 49/137/114 50/138/114 190/130/114
f 190/130/115 50/138/115 8/139/115 51/140/115
f 189/129/116 190/130/116 51/140/116 52/141/116
f 188/128/117 189/129/117 52/141/117 53/142/117
f 187/127/118 188/128/118 53/142/118 54/143/118
f 186/126/119 187/127/119 54/143/119 55/144/119
f 185/124/120 186/126/120 55/144/120 56/145/120
f 184/125/121 185/124/121 56/145/121 57/146/121
f 37/147/122 184/125/122 57/146/122 7/148/122
f 38/149/123 177/118/123 184/125/123 37/147/123
f 39/150/124 170/111/124 177/118/124 38/149/124
f 40/151/125 163/104/125 170/111/125 39/150/125
f 41/152/126 156/97/126 163/104/126 40/151/126
f 42/153/127 149/85/127 156/97/127 41/152/127
f 43/131/128 142/82/128 149/85/128 42/153/128
f 191/154/129 192/155/129 199/156/129 198/157/129
f 192/155/130 193/158/130 200/159/130 199/156/130
f 193/158/131 194/160/131 201/161/131 200/159/131
f 194/160/132 195/162/132 202/163/132 201/161/132
f 195/162/133 196/164/133 203/165/133 202/163/133
f 196/164/134 197/166/134 204/167/134 203/165/134
f 198/157/135 199/156/135 206/168/135 205/169/135
f 199/156/136 200/159/136 207/170/136 206/168/136
f 200/159/137 201/161/137 208/171/137 207/170/137
f 201/161/138 202/163/138 209/172/138 208/171/138
f 202/163/139 203/165/139 210/173/139 209/172/139
f 203/165/140 204/167/140 211/174/140 210/173/140
f 205/169/141 206/168/141 213/175/141 212/176/141
f 206/168/142 207/170/142 214/177/142 213/175/142
f 207/170/143 208/171/143 215/178/143 214/177/143
f 208/171/144 209/172/144 216/179/144 215/178/144
f 209/172/145 210/173/145 217/180/145 216/179/145
f 210/173/146 211/174/146 218/181/146 217/180/146
f 212/176/147 213/175/147 220/182/147 219/183/147
f 213/175/148 214/177/148 221/184/148 220/182/148
f 214/177/149 215/178/149 222/185/149 221/184/149
f 215/178/150 216/179/150 223/186/150 222/185/150
f 216/179/151 217/180/151 224/187/151 223/186/151
f 217/180/152 218/181/152 225/188/152 224/187/152
f 219/183/153 220/182/153 227/189/153 226/190/153
f 220/182/154 221/184/154 228/191/154 227/189/154
f 221/184/155 222/185/155 229/192/155 228/191/155
f 222/185/156 223/186/156 230/193/156 229/192/156
f 223/186/157 224/187/157 231/194/157 230/193/157
f 224/187/158 225/188/158 232/195/158 231/194/158
f 226/190/159 227/189/159 234/196/159 233/197/159
f 227/189/160 228/191/160 235/198/160 234/196/160
f 228/191/161 229/192/161 236/199/161 235/198/161
f 229/192/162 230/193/162 237/200/162 236/199/162
f 230/193/163 231/194/163 238/201/163 237/200/163
f 231/194/164 232/195/164 239/202/164 238/201/164
f 7/148/165 57/146/165 191/154/165 64/203/165
f 57/146/166 56/145/166 192/155/166 191/154/166
f 56/145/167 55/144/167 193/158/167 192/155/167
f 55/144/168 54/143/168 194/160/168 193/158/168
f 54/143/169 53/142/169 195/162/169 194/160/169
f 53/142/170 52/141/170 196/164/170 195/162/170
f 52/141/171 51/140/171 197/166/171 196/164/171
f 51/140/172 8/139/172 65/204/172 197/166/172
f 197/166/173 65/204/173 66/205/173 204/167/173
f 204/167/174 66/205/174 67/206/174 211/174/174
f 211/174/175 67/206/175 68/207/175 218/181/175
f 218/181/176 68/207/176 69/208/176 225/188/176
f 225/188/177 69/208/177 70/209/177 232/195/177
f 232/195/178 70/209/178 71/210/178 239/202/178
f 239/202/179 71/210/179 6/211/179 72/212/179
f 238/201/180 239/202/180 72/212/180 73/213/180
f 237/200/181 238/201/181 73/213/181 74/214/181
f 236/199/182 237/200/182 74/214/182 75/215/182
f 235/198/183 236/199/183 75/215/183 76/216/183
f 234/196/184 235/198/184 76/216/184 77/217/184
f 233/197/185 234/196/185 77/217/185 78/218/185
f 58/219/186 233/197/186 78/218/186 5/220/186
f 59/221/187 226/190/187 233/197/187 58/219/187
f 60/222/188 219/183/188 226/190/188 59/221/188
f 61/223/189 212/176/189 219/183/189 60/222/189
f 62/224/190 205/169/190 212/176/190 61/223/190
f 63/225/191 198/157/191 205/169/191 62/224/191
f 64/203/192 191/154/192 198/157/192 63/225/192
f 240/226/193 241/227/193 248/228/193 247/229/193
f 241/227/194 242/230/194 249/231/194 248/228/194
f 242/230/195 243/232/195 250/233/195 249/231/195
f 243/232/196 244/234/196 251/235/196 250/233/196
f 244/234/197 245/236/197 252/237/197 251/235/197
f 245/236/198 246/238/198 253/239/198 252/237/198
f 247/229/199 248/228/199 255/240/199 254/241/199
f 248/228/200 249/231/200 256/242/200 255/240/200
f 249/231/201 250/233/201 257/243/201 256/242/201
f 250/233/202 251/235/202 258/244/202 257/243/202
f 251/235/203 252/237/203 259/245/203 258/244/203
f 252/237/204 253/239/204 260/246/204 259/245/204
f 254/241/205 255/240/205 262/247/205 261/248/205
f 255/240/206 256/242/206 263/249/206 262/247/206
f 256/242/207 257/243/207 264/250/207 263/249/207
f 257/243/208 258/244/208 265/251/208 264/250/208
f 258/244/209 259/245/209 266/252/209 265/251/209
f 259/245/210 260/246/210 267/253/210 266/252/210
f 261/248/211 262/247/211 269/254/211 268/255/211
f 262/247/212 263/249/212 270/256/212 269/254/212
f 263/249/213 264/250/213 271/257/213 270/256/213
f 264/250/214 265/251/214 272/258/214 271/257/214
f 265/251/215 266/252/215 273/259/215 272/258/215
f 266/252/216 267/253/216 274/260/216 273/259/216
f 268/255/217 269/254/217 276/261/217 275/262/217
f 269/254/218 270/256/218 277/263/218 276/261/218
f 270/256/219 271/257/219 278/264/219 277/263/219
f 271/257/220 272/258/220 279/265/220 278/264/220
f 272/258/221 273/259/221 280/266/221 279/265/221
f 273/259/222 274/260/222 281/267/222 280/266/222
f 275/262/223 276/261/223 283/268/223 282/269/223
f 276/261/224 277/263/224 284/270/224 283/268/224
f 277/263/225 278/264/225 285/271/225 284/270/225
f 278/264/226 279/265/226 286/272/226 285/271/226
f 279/265/227 280/266/227 287/273/227 286/272/227
f 280/266/228 281/267/228 288/274/228 287/273/228
f 5/220/229 78/218/229 240/226/229 85/275/229
f 78/218/230 77/217/230 241/227/230 240/226/230
f 77/217/231 76/216/231 242/230/231 241/227/231
f 76/216/232 75/215/232 243/232/232 242/230/232
f 75/215/233 74/214/233 244/234/233 243/232/233
f 74/214/234 73/213/234 245/236/234 244/234/234
f 73/213/235 72/212/235 246/238/235 245/236/235
f 72/212/236 6/211/236 86/276/236 246/238/236
f 246/238/237 86/276/237 87/277/237 253/239/237
f 253/239/238 87/277/238 88/278/238 260/246/238
f 260/246/239 88/278/239 89/279/239 267/253/239
f 267/253/240 89/279/240 90/280/240 274/260/240
f 274/260/241 90/280/241 91/281/241 281/267/241
f 281/267/242 91/281/242 92/282/242 288/274/242
f 288/274/243 92/282/243 2/283/243 22/284/243
f 287/273/244 288/274/244 22/284/244 21/285/244
f 286/272/245 287/273/245 21/285/245 20/286/245
f 285/271/246 286/272/246 20/286/246 19/287/246
f 284/270/247 285/271/247 19/287/247 18/288/247
f 283/268/248 284/270/248 18/288/248 17/289/248
f 282/269/249 283/268/249 17/289/249 16/290/249
f 79/291/250 282/269/250 16/290/250 1/292/250
f 80/293/251 275/262/251 282/269/251 79/291/251
f 81/294/252 268/255/252 275/262/252 80/293/252
f 82/295/253 261/248/253 268/255/253 81/294/253
f 83/296/254 254/241/254 261/248/254 82/295/254
f 84/297/255 247/229/255 254/241/255 83/296/255
f 85/275/256 240/226/256 247/229/256 84/297/256
f 289/298/257 290/299/257 297/300/257 296/301/257
f 290/299/257 291/302/257 298/303/257 297/300/257
f 291/302/257 292/304/257 299/305/257 298/303/257
f 292/304/257 293/306/257 300/307/257 299/305/257
f 293/306/257 294/308/257 301/309/257 300/307/257
f 294/308/257 295/310/257 302/311/257 301/309/257
f 296/301/257 297/300/257 304/312/257 303/313/257
f 297/300/257 298/303/257 305/314/257 304/312/257
f 298/303/257 299/305/257 306/315/257 305/314/257
f 299/305/257 300/307/257 307/316/257 306/315/257
f 300/307/257 301/309/257 308/317/257 307/316/257
f 301/309/257 302/311/257 309/318/257 308/317/257
f 303/313/257 304/312/257 311/319/257 310/320/257
f 304/312/257 305/314/257 312/321/257 311/319/257
f 305/314/257 306/315/257 313/322/257 312/321/257
f 306/315/257 307/316/257 314/323/257 313/322/257
f 307/316/257 308/317/257 315/324/257 314/323/257
f 308/317/257 309/318/257 316/325/257 315/324/257
f 310/320/257 311/319/257 318/326/257 317/327/257
f 311/319/257 312/321/257 319/328/257 318/326/257
f 312/321/257 313/322/257 320/329/257 319/328/257
f 313/322/257 314/323/257 321/330/257 320/329/257
f 314/323/257 315/324/257 322/331/257 321/330/257
f 315/324/257 316/325/257 323/332/257 322/331/257
f 317/327/257 318/326/257 325/333/257 324/334/257
f 318/326/257 319/328/257 326/335/257 325/333/257
f 319/328/257 320/329/257 327/336/257 326/335/257
f 320/329/257 321/330/257 328/337/257 327/336/257
f 321/330/257 322/331/257 329/338/257 328/337/257
f 322/331/257 323/332/257 330/339/257 329/338/257
f 324/334/257 325/333/257 332/340/257 331/341/257
f 325/333/257 326/335/257 333/342/257 332/340/257
f 326/335/257 327/336/257 334/343/257 333/342/257
f 327/336/257 328/337/257 335/344/257 334/343/257
f 328/337/257 329/338/257 336/345/257 335/344/257
f 329/338/257 330/339/257 337/346/257 336/345/257
f 3/347/258 43/348/258 289/298/258 9/349/258
f 43/348/259 42/350/259 290/299/259 289/298/259
f 42/350/260 41/351/260 291/302/260 290/299/260
f 41/351/261 40/352/261 292/304/261 291/302/261
f 40/352/262 39/353/262 293/306/262 292/304/262
f 39/353/263 38/354/263 294/308/263 293/306/263
f 38/354/264 37/355/264 295/310/264 294/308/264
f 37/355/265 7/148/265 64/203/265 295/310/265
f 295/310/266 64/203/266 63/225/266 302/311/266
f 302/311/267 63/225/267 62/224/267 309/318/267
f 309/318/268 62/224/268 61/223/268 316/325/268
f 316/325/269 61/223/269 60/222/269 323/332/269
f 323/332/270 60/222/270 59/221/270 330/339/270
f 330/339/271 59/221/271 58/219/271 337/346/271
f 337/346/272 58/219/272 5/220/272 85/356/272
f 336/345/273 337/346/273 85/356/273 84/357/273
f 335/344/274 336/345/274 84/357/274 83/358/274
f 334/343/275 335/344/275 83/358/275 82/359/275
f 333/342/276 334/343/276 82/359/276 81/360/276
f 332/340/277 333/342/277 81/360/277 80/361/277
f 331/341/278 332/340/278 80/361/278 79/362/278
f 15/363/279 331/341/279 79/362/279 1/364/279
f 14/365/280 324/334/280 331/341/280 15/363/280
f 13/366/281 317/327/281 324/334/281 14/365/281
f 12/367/282 310/320/282 317/327/282 13/366/282
f 11/368/283 303/313/283 310/320/283 12/367/283
f 10/369/284 296/301/284 303/313/284 11/368/284
f 9/349/285 289/298/285 296/301/285 10/369/285
f 338/370/286 339/371/286 346/372/286 345/373/286
f 339/371/287 340/374/287 347/375/287 346/372/287
f 340/374/288 341/376/288 348/377/288 347/375/288
f 341/376/289 342/378/289 349/379/289 348/377/289
f 342/378/290 343/380/290 350/381/290 349/379/290
f 343/380/291 344/382/291 351/383/291 350/381/291
f 345/373/292 346/372/292 353/384/292 352/385/292
f 346/372/293 347/375/293 354/386/293 353/384/293
f 347/375/294 348/377/294 355/387/294 354/386/294
f 348/377/295 349/379/295 356/388/295 355/387/295
f 349/379/296 350/381/296 357/389/296 356/388/296
f 350/381/297 351/383/297 358/390/297 357/389/297
f 352/385/298 353/384/298 360/391/298 359/392/298
f 353/384/299 354/386/299 361/393/299 360/391/299
f 354/386/300 355/387/300 362/394/300 361/393/300
f 355/387/301 356/388/301 363/395/301 362/394/301
f 356/388/302 357/389/302 364/396/302 363/395/302
f 357/389/303 358/390/303 365/397/303 364/396/303
f 359/392/304 360/391/304 367/398/304 366/399/304
f 360/391/305 361/393/305 368/400/305 367/398/305
f 361/393/306 362/394/306 369/401/306 368/400/306
f 362/394/307 363/395/307 370/402/307 369/401/307
f 363/395/308 364/396/308 371/403/308 370/402/308
f 364/396/309 365/397/309 372/404/309 371/403/309
f 366/399/310 367/398/310 374/405/310 373/406/310
f 367/398/311 368/400/311 375/407/311 374/405/311
f 368/400/312 369/401/312 376/408/312 375/407/312
f 369/401/313 370/402/313 377/409/313 376/408/313
f 370/402/314 371/403/314 378/410/314 377/409/314
f 371/403/315 372/404/315 379/411/315 378/410/315
f 373/406/316 374/405/316 381/412/316 380/413/316
f 374/405/317 375/407/317 382/414/317 381/412/317
f 375/407/318 376/408/318 383/415/318 382/414/318
f 376/408/319 377/409/319 384/416/319 383/415/319
f 377/409/320 378/410/320 385/417/320 384/416/320
f 378/410/321 379/411/321 386/418/321 385/417/321
f 8/139/322 50/419/322 338/370/322 65/204/322
f 50/419/323 49/420/323 339/371/323 338/370/323
f 49/420/324 48/421/324 340/374/324 339/371/324
f 48/421/325 47/422/325 341/376/325 340/374/325
f 47/422/326 46/423/326 342/378/326 341/376/326
f 46/423/327 45/424/327 343/380/327 342/378/327
f 45/424/328 44/425/328 344/382/328 343/380/328
f 44/425/329 4/426/329 29/427/329 344/382/329
f 344/382/330 29/427/330 28/428/330 351/383/330
f 351/383/331 28/428/331 27/429/331 358/390/331
f 358/390/332 27/429/332 26/430/332 365/397/332
f 365/397/333 26/430/333 25/431/333 372/404/333
f 372/404/334 25/431/334 24/432/334 379/411/334
f 379/411/335 24/432/335 23/433/335 386/418/335
f 386/418/336 23/433/336 2/434/336 92/435/336
f 385/417/337 386/418/337 92/435/337 91/436/337
f 384/416/338 385/417/338 91/436/338 90/437/338
f 383/415/339 384/416/339 90/437/339 89/438/339
f 382/414/340 383/415/340 89/438/340 88/439/340
f 381/412/341 382/414/341 88/439/341 87/440/341
f 380/413/342 381/412/342 87/440/342 86/441/342
f 71/210/343 380/413/343 86/441/343 6/211/343
f 70/209/344 373/406/344 380/413/344 71/210/344
f 69/208/345 366/399/345 373/406/345 70/209/345
f 68/207/346 359/392/346 366/399/346 69/208/346
f 67/206/347 352/385/347 359/392/347 68/207/347
f 66/205/348 345/373/348 352/385/348 67/206/348
f 65/204/349 338/370/349 345/373/349 66/205/349
o Plane.003
v -73.266518 19.277702 -4.523603
v -73.519768 19.277702 4.693428
v -73.266518 19.277702 -9.276978
v -64.216072 19.277702 -9.105455
v -14.574104 19.277702 9.846298
v -53.157444 19.277702 -14.070557
v 41.901085 19.277702 14.117947
v -28.848316 19.277702 -11.015666
v 41.859123 19.277702 -8.042519
v 4.321480 19.277702 -9.880080
v -13.745369 19.277702 -19.495552
v -0.344101 19.277702 -18.470680
v -10.609879 19.277702 -59.788918
v 2.791389 19.277702 -58.764046
v -20.456829 18.914806 -13.938112
v 1.157898 19.096666 -13.544304
v -73.266518 18.787703 -4.523603
v -73.519768 18.787703 4.693428
v -73.266518 18.787703 -9.276978
v -64.216072 18.787703 -9.105455
v -14.573925 18.787703 9.847043
v -53.157410 18.787703 -14.070412
v 41.901295 18.787703 14.118823
v -28.848104 18.787703 -11.014790
v 41.859333 18.787703 -8.041642
v 4.321691 18.787703 -9.879204
v -13.745242 18.787703 -19.495026
v -0.343984 18.787703 -18.470196
v -10.609879 18.787703 -59.788918
v 2.791389 18.787703 -58.764046
v -20.456617 18.424809 -13.937236
v 1.158109 18.606668 -13.543427
vn -0.0000 1.0000 -0.0000
vn -0.0004 1.0000 -0.0018
vn -0.0000 -1.0000 -0.0000
vn 0.0004 -1.0000 0.0018
vn -1.0000 -0.0000 -0.0000
vn -0.9996 -0.0000 -0.0275
vn 0.0189 -0.0000 -0.9998
vn -0.4096 -0.0001 -0.9123
vn -0.0871 0.0007 0.9962
vn -0.3290 -0.0018 -0.9443
vn 0.1247 -0.0010 -0.9922
vn -0.0754 0.0016 0.9972
vn 1.0000 0.0004 -0.0019
vn 0.0489 -0.0018 -0.9988
vn 0.9565 -0.0001 -0.2916
vn 0.0763 -0.0000 -0.9971
vn -0.9970 -0.0002 -0.0776
vn 0.9970 0.0002 0.0776
vn -0.6378 -0.0013 -0.7702
vn 0.7569 -0.0008 -0.6535
vt 0.000000 0.000000
vt 1.000000 0.000000
vt 1.000000 1.000000
vt 0.000000 1.000000
vt 1.000000 0.500000
vt 1.000000 0.750000
vt 1.000000 0.781250
vt 1.000000 0.812500
vt 1.000000 0.875000
vt 1.000000 0.937500
s 0
f 387/442/350 388/443/350 390/444/350 389/445/350
f 390/444/350 388/443/350 391/443/350 392/444/350
f 392/444/351 391/443/351 393/443/351 395/446/351 396/447/351 402/448/351 398/449/351 397/450/351 401/451/351 394/444/351
f 397/450/350 398/449/350 400/449/350 399/450/350
f 403/442/352 405/445/352 406/444/352 404/443/352
f 406/444/352 408/444/352 407/443/352 404/443/352
f 408/444/353 410/444/353 417/451/353 413/450/353 414/449/353 418/448/353 412/447/353 411/446/353 409/443/353 407/443/353
f 413/450/352 415/450/352 416/449/352 414/449/352
f 387/442/354 389/445/354 405/445/354 403/442/354
f 388/443/355 387/442/355 403/442/355 404/443/355
f 389/445/356 390/444/356 406/444/356 405/445/356
f 390/444/357 392/444/357 408/444/357 406/444/357
f 391/443/358 388/443/358 404/443/358 407/443/358
f 394/444/359 401/451/359 417/451/359 410/444/359
f 392/444/360 394/444/360 410/444/360 408/444/360
f 393/443/361 391/443/361 407/443/361 409/443/361
f 395/446/362 393/443/362 409/443/362 411/446/362
f 396/447/363 395/446/363 411/446/363 412/447/363
f 398/449/364 402/448/364 418/448/364 414/449/364
f 399/450/365 400/449/365 416/449/365 415/450/365
f 397/450/366 399/450/366 415/450/366 413/450/366
f 400/449/367 398/449/367 414/449/367 416/449/367
f 401/451/368 397/450/368 413/450/368 417/451/368
f 402/448/369 396/447/369 412/447/369 418/448/369
o Cube.007
v -72.901161 18.589275 -6.959317
v -72.901161 19.393959 -6.959317
v -72.871338 18.589275 -7.763447
v -72.871338 19.393959 -7.763447
v -70.960106 18.589275 -6.887318
v -70.960106 19.393959 -6.887318
v -70.930275 18.589275 -7.691448
v -70.930275 19.393959 -7.691448
v -70.261322 18.589275 -6.861399
v -70.261322 19.393959 -6.861399
v -70.231491 18.589275 -7.665529
v -70.231491 19.393959 -7.665529
v -68.320267 18.589275 -6.789400
v -68.320267 19.393959 -6.789400
v -68.290436 18.589275 -7.593530
v -68.290436 19.393959 -7.593530
v -67.621483 18.589275 -6.763480
v -67.621483 19.393959 -6.763480
v -67.591652 18.589275 -7.567611
v -67.591652 19.393959 -7.567611
v -65.680420 18.589275 -6.691482
v -65.680420 19.393959 -6.691482
v -65.650597 18.589275 -7.495612
v -65.650597 19.393959 -7.495612
v -64.981644 18.589275 -6.665562
v -64.981644 19.393959 -6.665562
v -64.951813 18.589275 -7.469692
v -64.951813 19.393959 -7.469692
v -63.040585 18.589275 -6.593564
v -63.040585 19.393959 -6.593564
v -63.010757 18.589275 -7.397694
v -63.010757 19.393959 -7.397694
v -62.341801 18.589275 -6.567644
v -62.341801 19.393959 -6.567644
v -62.311974 18.589275 -7.371774
v -62.311974 19.393959 -7.371774
v -60.400742 18.589275 -6.495645
v -60.400742 19.393959 -6.495645
v -60.370914 18.589275 -7.299776
v -60.370914 19.393959 -7.299776
v -59.701962 18.589275 -6.469726
v -59.701962 19.393959 -6.469726
v -59.672134 18.589275 -7.273856
v -59.672134 19.393959 -7.273856
v -57.760902 18.589275 -6.397727
v -57.760902 19.393959 -6.397727
v -57.731075 18.589275 -7.201857
v -57.731075 19.393959 -7.201857
v -57.062122 18.589275 -6.371808
v -57.062122 19.393959 -6.371808
v -57.032295 18.589275 -7.175938
v -57.032295 19.393959 -7.175938
v -55.121063 18.589275 -6.299809
v -55.121063 19.393959 -6.299809
v -55.091236 18.589275 -7.103939
v -55.091236 19.393959 -7.103939
v -54.422279 18.589275 -6.273889
v -54.422279 19.393959 -6.273889
v -54.392456 18.589275 -7.078020
v -54.392456 19.393959 -7.078020
v -52.481224 18.589275 -6.201890
v -52.481224 19.393959 -6.201890
v -52.451393 18.589275 -7.006021
v -52.451393 19.393959 -7.006021
v -51.782440 18.589275 -6.175971
v -51.782440 19.393959 -6.175971
v -51.752617 18.589275 -6.980102
v -51.752617 19.393959 -6.980102
v -49.841385 18.589275 -6.103972
v -49.841385 19.393959 -6.103972
v -49.811554 18.589275 -6.908103
v -49.811554 19.393959 -6.908103
v -49.142601 18.589275 -6.078053
v -49.142601 19.393959 -6.078053
v -49.112778 18.589275 -6.882183
v -49.112778 19.393959 -6.882183
v -47.201542 18.589275 -6.006054
v -47.201542 19.393959 -6.006054
v -47.171715 18.589275 -6.810184
v -47.171715 19.393959 -6.810184
v -46.502762 18.589275 -5.980134
v -46.502762 19.393959 -5.980134
v -46.472939 18.589275 -6.784265
v -46.472939 19.393959 -6.784265
v -44.561707 18.589275 -5.908136
v -44.561707 19.393959 -5.908136
v -44.531876 18.589275 -6.712266
v -44.531876 19.393959 -6.712266
v -43.862923 18.589275 -5.882216
v -43.862923 19.393959 -5.882216
v -43.833092 18.589275 -6.686347
v -43.833092 19.393959 -6.686347
v -41.921864 18.589275 -5.810218
v -41.921864 19.393959 -5.810218
v -41.892036 18.589275 -6.614348
v -41.892036 19.393959 -6.614348
v -72.811378 18.589275 -9.379749
v -72.811378 19.393959 -9.379749
v -72.781555 18.589275 -10.183880
v -72.781555 19.393959 -10.183880
v -70.870323 18.589275 -9.307751
v -70.870323 19.393959 -9.307751
v -70.840492 18.589275 -10.111881
v -70.840492 19.393959 -10.111881
v -70.171539 18.589275 -9.281831
v -70.171539 19.393959 -9.281831
v -70.141716 18.589275 -10.085961
v -70.141716 19.393959 -10.085961
v -68.230484 18.589275 -9.209832
v -68.230484 19.393959 -9.209832
v -68.200653 18.589275 -10.013963
v -68.200653 19.393959 -10.013963
v -67.531700 18.589275 -9.183912
v -67.531700 19.393959 -9.183912
v -67.501877 18.589275 -9.988043
v -67.501877 19.393959 -9.988043
v -65.590645 18.589275 -9.111914
v -65.590645 19.393959 -9.111914
v -65.560814 18.589275 -9.916044
v -65.560814 19.393959 -9.916044
v -64.891861 18.589275 -9.085995
v -64.891861 19.393959 -9.085995
v -64.862038 18.589275 -9.890125
v -64.862038 19.393959 -9.890125
v -62.950806 18.589275 -9.013996
v -62.950806 19.393959 -9.013996
v -62.920975 18.589275 -9.818127
v -62.920975 19.393959 -9.818127
v -62.252022 18.589275 -8.988076
v -62.252022 19.393959 -8.988076
v -62.222195 18.589275 -9.792207
v -62.222195 19.393959 -9.792207
v -60.310963 18.589275 -8.916078
v -60.310963 19.393959 -8.916078
v -60.281136 18.589275 -9.720208
v -60.281136 19.393959 -9.720208
v -59.612183 18.589275 -8.890158
v -59.612183 19.393959 -8.890158
v -59.582355 18.589275 -9.694288
v -59.582355 19.393959 -9.694288
v -57.671124 18.589275 -8.818159
v -57.671124 19.393959 -8.818159
v -57.641296 18.589275 -9.622290
v -57.641296 19.393959 -9.622290
v -56.972343 18.589275 -8.792240
v -56.972343 19.393959 -8.792240
v -56.942513 18.589275 -9.596371
v -56.942513 19.393959 -9.596371
v -55.031284 18.589275 -8.720242
v -55.031284 19.393959 -8.720242
v -55.001457 18.589275 -9.524372
v -55.001457 19.393959 -9.524372
v -54.332504 18.589275 -8.694322
v -54.332504 19.393959 -8.694322
v -54.302673 18.589275 -9.498452
v -54.302673 19.393959 -9.498452
v -52.391441 18.589275 -8.622323
v -52.391441 19.393959 -8.622323
v -52.361614 18.589275 -9.426454
v -52.361614 19.393959 -9.426454
v -51.692665 18.589275 -8.596403
v -51.692665 19.393959 -8.596403
v -51.662834 18.589275 -9.400534
v -51.662834 19.393959 -9.400534
v -49.751602 18.589275 -8.524405
v -49.751602 19.393959 -8.524405
v -49.721775 18.589275 -9.328535
v -49.721775 19.393959 -9.328535
v -49.052826 18.589275 -8.498486
v -49.052826 19.393959 -8.498486
v -49.022995 18.589275 -9.302616
v -49.022995 19.393959 -9.302616
v -47.111763 18.589275 -8.426486
v -47.111763 19.393959 -8.426486
v -47.081932 18.589275 -9.230617
v -47.081932 19.393959 -9.230617
v -46.412987 18.589275 -8.400567
v -46.412987 19.393959 -8.400567
v -46.383156 18.589275 -9.204698
v -46.383156 19.393959 -9.204698
v -44.471924 18.589275 -8.328568
v -44.471924 19.393959 -8.328568
v -44.442097 18.589275 -9.132699
v -44.442097 19.393959 -9.132699
v -43.773140 18.589275 -8.302649
v -43.773140 19.393959 -8.302649
v -43.743313 18.589275 -9.106779
v -43.743313 19.393959 -9.106779
v -41.832085 18.589275 -8.230650
v -41.832085 19.393959 -8.230650
v -41.802254 18.589275 -9.034781
v -41.802254 19.393959 -9.034781
vn -0.9993 -0.0000 -0.0371
vn 0.0371 -0.0000 -0.9993
vn 0.9993 -0.0000 0.0371
vn -0.0371 -0.0000 0.9993
vn -0.0000 -1.0000 -0.0000
vn -0.0000 1.0000 -0.0000
vt 0.375000 0.000000
vt 0.625000 0.000000
vt 0.625000 0.250000
vt 0.375000 0.250000
vt 0.625000 0.500000
vt 0.375000 0.500000
vt 0.625000 0.750000
vt 0.375000 0.750000
vt 0.625000 1.000000
vt 0.375000 1.000000
vt 0.125000 0.500000
vt 0.125000 0.750000
vt 0.875000 0.500000
vt 0.875000 0.750000
s 0
usemtl 
f 419/452/370 420/453/370 422/454/370 421/455/370
f 421/455/371 422/454/371 426/456/371 425/457/371
f 425/457/372 426/456/372 424/458/372 423/459/372
f 423/459/373 424/458/373 420/460/373 419/461/373
f 421/462/374 425/457/374 423/459/374 419/463/374
f 426/456/375 422/464/375 420/465/375 424/458/375
f 427/452/370 428/453/370 430/454/370 429/455/370
f 429/455/371 430/454/371 434/456/371 433/457/371
f 433/457/372 434/456/372 432/458/372 431/459/372
f 431/459/373 432/458/373 428/460/373 427/461/373
f 429/462/374 433/457/374 431/459/374 427/463/374
f 434/456/375 430/464/375 428/465/375 432/458/375
f 435/452/370 436/453/370 438/454/370 437/455/370
f 437/455/371 438/454/371 442/456/371 441/457/371
f 441/457/372 442/456/372 440/458/372 439/459/372
f 439/459/373 440/458/373 436/460/373 435/461/373
f 437/462/374 441/457/374 439/459/374 435/463/374
f 442/456/375 438/464/375 436/465/375 440/458/375
f 443/452/370 444/453/370 446/454/370 445/455/370
f 445/455/371 446/454/371 450/456/371 449/457/371
f 449/457/372 450/456/372 448/458/372 447/459/372
f 447/459/373 448/458/373 444/460/373 443/461/373
f 445/462/374 449/457/374 447/459/374 443/463/374
f 450/456/375 446/464/375 444/465/375 448/458/375
f 451/452/370 452/453/370 454/454/370 453/455/370
f 453/455/371 454/454/371 458/456/371 457/457/371
f 457/457/372 458/456/372 456/458/372 455/459/372
f 455/459/373 456/458/373 452/460/373 451/461/373
f 453/462/374 457/457/374 455/459/374 451/463/374
f 458/456/375 454/464/375 452/465/375 456/458/375
f 459/452/370 460/453/370 462/454/370 461/455/370
f 461/455/371 462/454/371 466/456/371 465/457/371
f 465/457/372 466/456/372 464/458/372 463/459/372
f 463/459/373 464/458/373 460/460/373 459/461/373
f 461/462/374 465/457/374 463/459/374 459/463/374
f 466/456/375 462/464/375 460/465/375 464/458/375
f 467/452/370 468/453/370 470/454/370 469/455/370
f 469/455/371 470/454/371 474/456/371 473/457/371
f 473/457/372 474/456/372 472/458/372 471/459/372
f 471/459/373 472/458/373 468/460/373 467/461/373
f 469/462/374 473/457/374 471/459/374 467/463/374
f 474/456/375 470/464/375 468/465/375 472/458/375
f 475/452/370 476/453/370 478/454/370 477/455/370
f 477/455/371 478/454/371 482/456/371 481/457/371
f 481/457/372 482/456/372 480/458/372 479/459/372
f 479/459/373 480/458/373 476/460/373 475/461/373
f 477/462/374 481/457/374 479/459/374 475/463/374
f 482/456/375 478/464/375 476/465/375 480/458/375
f 483/452/370 484/453/370 486/454/370 485/455/370
f 485/455/371 486/454/371 490/456/371 489/457/371
f 489/457/372 490/456/372 488/458/372 487/459/372
f 487/459/373 488/458/373 484/460/373 483/461/373
f 485/462/374 489/457/374 487/459/374 483/463/374
f 490/456/375 486/464/375 484/465/375 488/458/375
f 491/452/370 492/453/370 494/454/370 493/455/370
f 493/455/371 494/454/371 498/456/371 497/457/371
f 497/457/372 498/456/372 496/458/372 495/459/372
f 495/459/373 496/458/373 492/460/373 491/461/373
f 493/462/374 497/457/374 495/459/374 491/463/374
f 498/456/375 494/464/375 492/465/375 496/458/375
f 499/452/370 500/453/370 502/454/370 501/455/370
f 501/455/371 502/454/371 506/456/371 505/457/371
f 505/457/372 506/456/372 504/458/372 503/459/372
f 503/459/373 504/458/373 500/460/373 499/461/373
f 501/462/374 505/457/374 503/459/374 499/463/374
f 506/456/375 502/464/375 500/465/375 504/458/375
f 507/452/370 508/453/370 510/454/370 509/455/370
f 509/455/371 510/454/371 514/456/371 513/457/371
f 513/457/372 514/456/372 512/458/372 511/459/372
f 511/459/373 512/458/373 508/460/373 507/461/373
f 509/462/374 513/457/374 511/459/374 507/463/374
f 514/456/375 510/464/375 508/465/375 512/458/375
f 515/452/370 516/453/370 518/454/370 517/455/370
f 517/455/371 518/454/371 522/456/371 521/457/371
f 521/457/372 522/456/372 520/458/372 519/459/372
f 519/459/373 520/458/373 516/460/373 515/461/373
f 517/462/374 521/457/374 519/459/374 515/463/374
f 522/456/375 518/464/375 516/465/375 520/458/375
f 523/452/370 524/453/370 526/454/370 525/455/370
f 525/455/371 526/454/371 530/456/371 529/457/371
f 529/457/372 530/456/372 528/458/372 527/459/372
f 527/459/373 528/458/373 524/460/373 523/461/373
f 525/462/374 529/457/374 527/459/374 523/463/374
f 530/456/375 526/464/375 524/465/375 528/458/375
f 531/452/370 532/453/370 534/454/370 533/455/370
f 533/455/371 534/454/371 538/456/371 537/457/371
f 537/457/372 538/456/372 536/458/372 535/459/372
f 535/459/373 536/458/373 532/460/373 531/461/373
f 533/462/374 537/457/374 535/459/374 531/463/374
f 538/456/375 534/464/375 532/465/375 536/458/375
f 539/452/370 540/453/370 542/454/370 541/455/370
f 541/455/371 542/454/371 546/456/371 545/457/371
f 545/457/372 546/456/372 544/458/372 543/459/372
f 543/459/373 544/458/373 540/460/373 539/461/373
f 541/462/374 545/457/374 543/459/374 539/463/374
f 546/456/375 542/464/375 540/465/375 544/458/375
f 547/452/370 548/453/370 550/454/370 549/455/370
f 549/455/371 550/454/371 554/456/371 553/457/371
f 553/457/372 554/456/372 552/458/372 551/459/372
f 551/459/373 552/458/373 548/460/373 547/461/373
f 549/462/374 553/457/374 551/459/374 547/463/374
f 554/456/375 550/464/375 548/465/375 552/458/375
f 555/452/370 556/453/370 558/454/370 557/455/370
f 557/455/371 558/454/371 562/456/371 561/457/371
f 561/457/372 562/456/372 560/458/372 559/459/372
f 559/459/373 560/458/373 556/460/373 555/461/373
f 557/462/374 561/457/374 559/459/374 555/463/374
f 562/456/375 558/464/375 556/465/375 560/458/375
f 563/452/370 564/453/370 566/454/370 565/455/370
f 565/455/371 566/454/371 570/456/371 569/457/371
f 569/457/372 570/456/372 568/458/372 567/459/372
f 567/459/373 568/458/373 564/460/373 563/461/373
f 565/462/374 569/457/374 567/459/374 563/463/374
f 570/456/375 566/464/375 564/465/375 568/458/375
f 571/452/370 572/453/370 574/454/370 573/455/370
f 573/455/371 574/454/371 578/456/371 577/457/371
f 577/457/372 578/456/372 576/458/372 575/459/372
f 575/459/373 576/458/373 572/460/373 571/461/373
f 573/462/374 577/457/374 575/459/374 571/463/374
f 578/456/375 574/464/375 572/465/375 576/458/375
f 579/452/370 580/453/370 582/454/370 581/455/370
f 581/455/371 582/454/371 586/456/371 585/457/371
f 585/457/372 586/456/372 584/458/372 583/459/372
f 583/459/373 584/458/373 580/460/373 579/461/373
f 581/462/374 585/457/374 583/459/374 579/463/374
f 586/456/375 582/464/375 580/465/375 584/458/375
f 587/452/370 588/453/370 590/454/370 589/455/370
f 589/455/371 590/454/371 594/456/371 593/457/371
f 593/457/372 594/456/372 592/458/372 591/459/372
f 591/459/373 592/458/373 588/460/373 587/461/373
f 589/462/374 593/457/374 591/459/374 587/463/374
f 594/456/375 590/464/375 588/465/375 592/458/375
f 595/452/370 596/453/370 598/454/370 597/455/370
f 597/455/371 598/454/371 602/456/371 601/457/371
f 601/457/372 602/456/372 600/458/372 599/459/372
f 599/459/373 600/458/373 596/460/373 595/461/373
f 597/462/374 601/457/374 599/459/374 595/463/374
f 602/456/375 598/464/375 596/465/375 600/458/375
f 603/452/370 604/453/370 606/454/370 605/455/370
f 605/455/371 606/454/371 610/456/371 609/457/371
f 609/457/372 610/456/372 608/458/372 607/459/372
f 607/459/373 608/458/373 604/460/373 603/461/373
f 605/462/374 609/457/374 607/459/374 603/463/374
f 610/456/375 606/464/375 604/465/375 608/458/375
o Cube.006
v 0.928391 18.608498 -11.651915
v 0.928391 19.235378 -11.651915
v 1.266469 18.608498 -18.213213
v 1.266469 19.235378 -18.213213
v 1.554440 18.608498 -11.619657
v 1.554440 19.235378 -11.619657
v 1.892519 18.608498 -18.180956
v 1.892519 19.235378 -18.180956
v -0.680555 18.608498 -11.734818
v -0.680555 19.235378 -11.734818
v -0.342477 18.608498 -18.296116
v -0.342477 19.235378 -18.296116
v -0.054506 18.608498 -11.702559
v -0.054506 19.235378 -11.702559
v 0.283572 18.608498 -18.263859
v 0.283572 19.235378 -18.263859
v -2.289501 18.608498 -11.817720
v -2.289501 19.235378 -11.817720
v -1.951423 18.608498 -18.379019
v -1.951423 19.235378 -18.379019
v -1.663452 18.608498 -11.785462
v -1.663452 19.235378 -11.785462
v -1.325374 18.608498 -18.346762
v -1.325374 19.235378 -18.346762
v -3.898448 18.608498 -11.900623
v -3.898448 19.235378 -11.900623
v -3.560370 18.608498 -18.461922
v -3.560370 19.235378 -18.461922
v -3.272399 18.608498 -11.868364
v -3.272399 19.235378 -11.868364
v -2.934320 18.608498 -18.429665
v -2.934320 19.235378 -18.429665
v -5.507394 18.608498 -11.983526
v -5.507394 19.235378 -11.983526
v -5.169316 18.608498 -18.544825
v -5.169316 19.235378 -18.544825
v -4.881345 18.608498 -11.951267
v -4.881345 19.235378 -11.951267
v -4.543267 18.608498 -18.512566
v -4.543267 19.235378 -18.512566
v -7.116340 18.608498 -12.066428
v -7.116340 19.235378 -12.066428
v -6.778262 18.608498 -18.627728
v -6.778262 19.235378 -18.627728
v -6.490291 18.608498 -12.034170
v -6.490291 19.235378 -12.034170
v -6.152213 18.608498 -18.595469
v -6.152213 19.235378 -18.595469
v -8.725286 18.608498 -12.149331
v -8.725286 19.235378 -12.149331
v -8.387209 18.608498 -18.710630
v -8.387209 19.235378 -18.710630
v -8.099237 18.608498 -12.117073
v -8.099237 19.235378 -12.117073
v -7.761160 18.608498 -18.678371
v -7.761160 19.235378 -18.678371
v -10.334233 18.608498 -12.232234
v -10.334233 19.235378 -12.232234
v -9.996156 18.608498 -18.793533
v -9.996156 19.235378 -18.793533
v -9.708184 18.608498 -12.199976
v -9.708184 19.235378 -12.199976
v -9.370107 18.608498 -18.761274
v -9.370107 19.235378 -18.761274
v -11.943179 18.608498 -12.315136
v -11.943179 19.235378 -12.315136
v -11.605102 18.608498 -18.876436
v -11.605102 19.235378 -18.876436
v -11.317130 18.608498 -12.282879
v -11.317130 19.235378 -12.282879
v -10.979053 18.608498 -18.844177
v -10.979053 19.235378 -18.844177
v -13.552125 18.608498 -12.398039
v -13.552125 19.235378 -12.398039
v -13.214047 18.608498 -18.959339
v -13.214047 19.235378 -18.959339
v -12.926076 18.608498 -12.365782
v -12.926076 19.235378 -12.365782
v -12.587998 18.608498 -18.927080
v -12.587998 19.235378 -18.927080
v -15.161071 18.608498 -12.480942
v -15.161071 19.235378 -12.480942
v -14.822993 18.608498 -19.042240
v -14.822993 19.235378 -19.042240
v -14.535022 18.608498 -12.448685
v -14.535022 19.235378 -12.448685
v -14.196944 18.608498 -19.009983
v -14.196944 19.235378 -19.009983
v -16.770020 18.608498 -12.563845
v -16.770020 19.235378 -12.563845
v -16.431942 18.608498 -19.125143
v -16.431942 19.235378 -19.125143
v -16.143970 18.608498 -12.531588
v -16.143970 19.235378 -12.531588
v -15.805892 18.608498 -19.092886
v -15.805892 19.235378 -19.092886
v -18.378963 18.608498 -12.646748
v -18.378963 19.235378 -12.646748
v -18.040886 18.608498 -19.208046
v -18.040886 19.235378 -19.208046
v -17.752914 18.608498 -12.614490
v -17.752914 19.235378 -12.614490
v -17.414837 18.608498 -19.175789
v -17.414837 19.235378 -19.175789
vn -0.9987 -0.0000 -0.0515
vn 0.0515 -0.0000 -0.9987
vn 0.9987 -0.0000 0.0515
vn -0.0515 -0.0000 0.9987
vn -0.0000 -1.0000 -0.0000
vn -0.0000 1.0000 -0.0000
vt 0.375000 0.000000
vt 0.625000 0.000000
vt 0.625000 0.250000
vt 0.375000 0.250000
vt 0.625000 0.500000
vt 0.375000 0.500000
vt 0.625000 0.750000
vt 0.375000 0.750000
vt 0.625000 1.000000
vt 0.375000 1.000000
vt 0.125000 0.500000
vt 0.125000 0.750000
vt 0.875000 0.500000
vt 0.875000 0.750000
s 0
usemtl 
f 611/466/376 612/467/376 614/468/376 613/469/376
f 613/469/377 614/468/377 618/470/377 617/471/377
f 617/471/378 618/470/378 616/472/378 615/473/378
f 615/473/379 616/472/379 612/474/379 611/475/379
f 613/476/380 617/471/380 615/473/380 611/477/380
f 618/470/381 614/478/381 612/479/381 616/472/381
f 619/466/376 620/467/376 622/468/376 621/469/376
f 621/469/377 622/468/377 626/470/377 625/471/377
f 625/471/378 626/470/378 624/472/378 623/473/378
f 623/473/379 624/472/379 620/474/379 619/475/379
f 621/476/380 625/471/380 623/473/380 619/477/380
f 626/470/381 622/478/381 620/479/381 624/472/381
f 627/466/376 628/467/376 630/468/376 629/469/376
f 629/469/377 630/468/377 634/470/377 633/471/377
f 633/471/378 634/470/378 632/472/378 631/473/378
f 631/473/379 632/472/379 628/474/379 627/475/379
f 629/476/380 633/471/380 631/473/380 627/477/380
f 634/470/381 630/478/381 628/479/381 632/472/381
f 635/466/376 636/467/376 638/468/376 637/469/376
f 637/469/377 638/468/377 642/470/377 641/471/377
f 641/471/378 642/470/378 640/472/378 639/473/378
f 639/473/379 640/472/379 636/474/379 635/475/379
f 637/476/380 641/471/380 639/473/380 635/477/380
f 642/470/381 638/478/381 636/479/381 640/472/381
f 643/466/376 644/467/376 646/468/376 645/469/376
f 645/469/377 646/468/377 650/470/377 649/471/377
f 649/471/378 650/470/378 648/472/378 647/473/378
f 647/473/379 648/472/379 644/474/379 643/475/379
f 645/476/380 649/471/380 647/473/380 643/477/380
f 650/470/381 646/478/381 644/479/381 648/472/381
f 651/466/376 652/467/376 654/468/376 653/469/376
f 653/469/377 654/468/377 658/470/377 657/471/377
f 657/471/378 658/470/378 656/472/378 655/473/378
f 655/473/379 656/472/379 652/474/379 651/475/379
f 653/476/380 657/471/380 655/473/380 651/477/380
f 658/470/381 654/478/381 652/479/381 656/472/381
f 659/466/376 660/467/376 662/468/376 661/469/376
f 661/469/377 662/468/377 666/470/377 665/471/377
f 665/471/378 666/470/378 664/472/378 663/473/378
f 663/473/379 664/472/379 660/474/379 659/475/379
f 661/476/380 665/471/380 663/473/380 659/477/380
f 666/470/381 662/478/381 660/479/381 664/472/381
f 667/466/376 668/467/376 670/468/376 669/469/376
f 669/469/377 670/468/377 674/470/377 673/471/377
f 673/471/378 674/470/378 672/472/378 671/473/378
f 671/473/379 672/472/379 668/474/379 667/475/379
f 669/476/380 673/471/380 671/473/380 667/477/380
f 674/470/381 670/478/381 668/479/381 672/472/381
f 675/466/376 676/467/376 678/468/376 677/469/376
f 677/469/377 678/468/377 682/470/377 681/471/377
f 681/471/378 682/470/378 680/472/378 679/473/378
f 679/473/379 680/472/379 676/474/379 675/475/379
f 677/476/380 681/471/380 679/473/380 675/477/380
f 682/470/381 678/478/381 676/479/381 680/472/381
f 683/466/376 684/467/376 686/468/376 685/469/376
f 685/469/377 686/468/377 690/470/377 689/471/377
f 689/471/378 690/470/378 688/472/378 687/473/378
f 687/473/379 688/472/379 684/474/379 683/475/379
f 685/476/380 689/471/380 687/473/380 683/477/380
f 690/470/381 686/478/381 684/479/381 688/472/381
f 691/466/376 692/467/376 694/468/376 693/469/376
f 693/469/377 694/468/377 698/470/377 697/471/377
f 697/471/378 698/470/378 696/472/378 695/473/378
f 695/473/379 696/472/379 692/474/379 691/475/379
f 693/476/380 697/471/380 695/473/380 691/477/380
f 698/470/381 694/478/381 692/479/381 696/472/381
f 699/466/376 700/467/376 702/468/376 701/469/376
f 701/469/377 702/468/377 706/470/377 705/471/377
f 705/471/378 706/470/378 704/472/378 703/473/378
f 703/473/379 704/472/379 700/474/379 699/475/379
f 701/476/380 705/471/380 703/473/380 699/477/380
f 706/470/381 702/478/381 700/479/381 704/472/381
f 707/466/376 708/467/376 710/468/376 709/469/376
f 709/469/377 710/468/377 714/470/377 713/471/377
f 713/471/378 714/470/378 712/472/378 711/473/378
f 711/473/379 712/472/379 708/474/379 707/475/379
f 709/476/380 713/471/380 711/473/380 707/477/380
f 714/470/381 710/478/381 708/479/381 712/472/381
o Cube.008
v -32.910233 18.890194 -10.546059
v -32.910233 19.517075 -10.546059
v -39.103470 18.890194 -10.865171
v -39.103470 19.517075 -10.865171
v -32.877975 18.890194 -11.172108
v -32.877975 19.517075 -11.172108
v -39.071209 18.890194 -11.491220
v -39.071209 19.517075 -11.491220
v -32.993134 18.890194 -8.937112
v -32.993134 19.517075 -8.937112
v -39.186371 18.890194 -9.256226
v -39.186371 19.517075 -9.256226
v -32.960876 18.890194 -9.563161
v -32.960876 19.517075 -9.563161
v -39.154114 18.890194 -9.882275
v -39.154114 19.517075 -9.882275
v -33.076038 18.890194 -7.328166
v -33.076038 19.517075 -7.328166
v -39.269276 18.890194 -7.647279
v -39.269276 19.517075 -7.647279
v -33.043781 18.890194 -7.954215
v -33.043781 19.517075 -7.954215
v -39.237015 18.890194 -8.273329
v -39.237015 19.517075 -8.273329
v -33.158939 18.890194 -5.719219
v -33.158939 19.517075 -5.719219
v -39.352177 18.890194 -6.038332
v -39.352177 19.517075 -6.038332
v -33.126682 18.890194 -6.345268
v -33.126682 19.517075 -6.345268
v -39.319920 18.890194 -6.664382
v -39.319920 19.517075 -6.664382
v -33.241844 18.890194 -4.110273
v -33.241844 19.517075 -4.110273
v -39.435081 18.890194 -4.429387
v -39.435081 19.517075 -4.429387
v -33.209587 18.890194 -4.736322
v -33.209587 19.517075 -4.736322
v -39.402821 18.890194 -5.055436
v -39.402821 19.517075 -5.055436
v -33.324745 18.890194 -2.501328
v -33.324745 19.517075 -2.501328
v -39.517982 18.890194 -2.820440
v -39.517982 19.517075 -2.820440
v -33.292488 18.890194 -3.127377
v -33.292488 19.517075 -3.127377
v -39.485725 18.890194 -3.446490
v -39.485725 19.517075 -3.446490
v -33.407650 18.890194 -0.892381
v -33.407650 19.517075 -0.892381
v -39.600883 18.890194 -1.211493
v -39.600883 19.517075 -1.211493
v -33.375389 18.890194 -1.518430
v -33.375389 19.517075 -1.518430
v -39.568626 18.890194 -1.837543
v -39.568626 19.517075 -1.837543
v -33.490551 18.890194 0.716566
v -33.490551 19.517075 0.716566
v -39.683788 18.890194 0.397453
v -39.683788 19.517075 0.397453
v -33.458294 18.890194 0.090517
v -33.458294 19.517075 0.090517
v -39.651531 18.890194 -0.228596
v -39.651531 19.517075 -0.228596
v -33.573456 18.890194 2.325512
v -33.573456 19.517075 2.325512
v -39.766689 18.890194 2.006399
v -39.766689 19.517075 2.006399
v -33.541195 18.890194 1.699463
v -33.541195 19.517075 1.699463
v -39.734432 18.890194 1.380350
v -39.734432 19.517075 1.380350
v -33.656357 18.890194 3.934458
v -33.656357 19.517075 3.934458
v -39.849594 18.890194 3.615345
v -39.849594 19.517075 3.615345
v -33.624100 18.890194 3.308409
v -33.624100 19.517075 3.308409
v -39.817337 18.890194 2.989296
v -39.817337 19.517075 2.989296
v -33.739258 18.890194 5.543405
v -33.739258 19.517075 5.543405
v -39.932495 18.890194 5.224290
v -39.932495 19.517075 5.224290
v -33.707001 18.890194 4.917356
v -33.707001 19.517075 4.917356
v -39.900238 18.890194 4.598242
v -39.900238 19.517075 4.598242
v -33.822163 18.890194 7.152352
v -33.822163 19.517075 7.152352
v -40.015400 18.890194 6.833238
v -40.015400 19.517075 6.833238
v -33.789906 18.890194 6.526303
v -33.789906 19.517075 6.526303
v -39.983143 18.890194 6.207189
v -39.983143 19.517075 6.207189
vn -0.0515 -0.0000 0.9987
vn -0.9987 -0.0000 -0.0515
vn 0.0515 -0.0000 -0.9987
vn 0.9987 -0.0000 0.0515
vn -0.0000 -1.0000 -0.0000
vn -0.0000 1.0000 -0.0000
vt 0.375000 0.000000
vt 0.625000 0.000000
vt 0.625000 0.250000
vt 0.375000 0.250000
vt 0.625000 0.500000
vt 0.375000 0.500000
vt 0.625000 0.750000
vt 0.375000 0.750000
vt 0.625000 1.000000
vt 0.375000 1.000000
vt 0.125000 0.500000
vt 0.125000 0.750000
vt 0.875000 0.500000
vt 0.875000 0.750000
s 0
usemtl 
f 715/480/382 716/481/382 718/482/382 717/483/382
f 717/483/383 718/482/383 722/484/383 721/485/383
f 721/485/384 722/484/384 720/486/384 719/487/384
f 719/487/385 720/486/385 716/488/385 715/489/385
f 717/490/386 721/485/386 719/487/386 715/491/386
f 722/484/387 718/492/387 716/493/387 720/486/387
f 723/480/382 724/481/382 726/482/382 725/483/382
f 725/483/383 726/482/383 730/484/383 729/485/383
f 729/485/384 730/484/384 728/486/384 727/487/384
f 727/487/385 728/486/385 724/488/385 723/489/385
f 725/490/386 729/485/386 727/487/386 723/491/386
f 730/484/387 726/492/387 724/493/387 728/486/387
f 731/480/382 732/481/382 734/482/382 733/483/382
f 733/483/383 734/482/383 738/484/383 737/485/383
f 737/485/384 738/484/384 736/486/384 735/487/384
f 735/487/385 736/486/385 732/488/385 731/489/385
f 733/490/386 737/485/386 735/487/386 731/491/386
f 738/484/387 734/492/387 732/493/387 736/486/387
f 739/480/382 740/481/382 742/482/382 741/483/382
f 741/483/383 742/482/383 746/484/383 745/485/383
f 745/485/384 746/484/384 744/486/384 743/487/384
f 743/487/385 744/486/385 740/488/385 739/489/385
f 741/490/386 745/485/386 743/487/386 739/491/386
f 746/484/387 742/492/387 740/493/387 744/486/387
f 747/480/382 748/481/382 750/482/382 749/483/382
f 749/483/383 750/482/383 754/484/383 753/485/383
f 753/485/384 754/484/384 752/486/384 751/487/384
f 751/487/385 752/486/385 748/488/385 747/489/385
f 749/490/386 753/485/386 751/487/386 747/491/386
f 754/484/387 750/492/387 748/493/387 752/486/387
f 755/480/382 756/481/382 758/482/382 757/483/382
f 757/483/383 758/482/383 762/484/383 761/485/383
f 761/485/384 762/484/384 760/486/384 759/487/384
f 759/487/385 760/486/385 756/488/385 755/489/385
f 757/490/386 761/485/386 759/487/386 755/491/386
f 762/484/387 758/492/387 756/493/387 760/486/387
f 763/480/382 764/481/382 766/482/382 765/483/382
f 765/483/383 766/482/383 770/484/383 769/485/383
f 769/485/384 770/484/384 768/486/384 767/487/384
f 767/487/385 768/486/385 764/488/385 763/489/385
f 765/490/386 769/485/386 767/487/386 763/491/386
f 770/484/387 766/492/387 764/493/387 768/486/387
f 771/480/382 772/481/382 774/482/382 773/483/382
f 773/483/383 774/482/383 778/484/383 777/485/383
f 777/485/384 778/484/384 776/486/384 775/487/384
f 775/487/385 776/486/385 772/488/385 771/489/385
f 773/490/386 777/485/386 775/487/386 771/491/386
f 778/484/387 774/492/387 772/493/387 776/486/387
f 779/480/382 780/481/382 782/482/382 781/483/382
f 781/483/383 782/482/383 786/484/383 785/485/383
f 785/485/384 786/484/384 784/486/384 783/487/384
f 783/487/385 784/486/385 780/488/385 779/489/385
f 781/490/386 785/485/386 783/487/386 779/491/386
f 786/484/387 782/492/387 780/493/387 784/486/387
f 787/480/382 788/481/382 790/482/382 789/483/382
f 789/483/383 790/482/383 794/484/383 793/485/383
f 793/485/384 794/484/384 792/486/384 791/487/384
f 791/487/385 792/486/385 788/488/385 787/489/385
f 789/490/386 793/485/386 791/487/386 787/491/386
f 794/484/387 790/492/387 788/493/387 792/486/387
f 795/480/382 796/481/382 798/482/382 797/483/382
f 797/483/383 798/482/383 802/484/383 801/485/383
f 801/485/384 802/484/384 800/486/384 799/487/384
f 799/487/385 800/486/385 796/488/385 795/489/385
f 797/490/386 801/485/386 799/487/386 795/491/386
f 802/484/387 798/492/387 796/493/387 800/486/387
f 803/480/382 804/481/382 806/482/382 805/483/382
f 805/483/383 806/482/383 810/484/383 809/485/383
f 809/485/384 810/484/384 808/486/384 807/487/384
f 807/487/385 808/486/385 804/488/385 803/489/385
f 805/490/386 809/485/386 807/487/386 803/491/386
f 810/484/387 806/492/387 804/493/387 808/486/387
o Cube.009
v -26.644228 18.542761 -3.698936
v -26.644228 19.347445 -3.698936
v -26.583939 18.542761 -4.501358
v -26.583939 19.347445 -4.501358
v -24.707293 18.542761 -3.553408
v -24.707293 19.347445 -3.553408
v -24.647005 18.542761 -4.355830
v -24.647005 19.347445 -4.355830
v -24.009996 18.542761 -3.501018
v -24.009996 19.347445 -3.501018
v -23.949707 18.542761 -4.303440
v -23.949707 19.347445 -4.303440
v -22.073063 18.542761 -3.355490
v -22.073063 19.347445 -3.355490
v -22.012774 18.542761 -4.157912
v -22.012774 19.347445 -4.157912
v -21.375765 18.542761 -3.303100
v -21.375765 19.347445 -3.303100
v -21.315477 18.542761 -4.105522
v -21.315477 19.347445 -4.105522
v -19.438831 18.542761 -3.157572
v -19.438831 19.347445 -3.157572
v -19.378542 18.542761 -3.959993
v -19.378542 19.347445 -3.959993
v -18.741535 18.542761 -3.105182
v -18.741535 19.347445 -3.105182
v -18.681246 18.542761 -3.907603
v -18.681246 19.347445 -3.907603
v -16.804600 18.542761 -2.959653
v -16.804600 19.347445 -2.959653
v -16.744312 18.542761 -3.762075
v -16.744312 19.347445 -3.762075
v -16.107304 18.542761 -2.907263
v -16.107304 19.347445 -2.907263
v -16.047014 18.542761 -3.709685
v -16.047014 19.347445 -3.709685
v -14.170370 18.542761 -2.761735
v -14.170370 19.347445 -2.761735
v -14.110081 18.542761 -3.564157
v -14.110081 19.347445 -3.564157
v -13.473073 18.542761 -2.709345
v -13.473073 19.347445 -2.709345
v -13.412784 18.542761 -3.511767
v -13.412784 19.347445 -3.511767
v -11.536139 18.542761 -2.563817
v -11.536139 19.347445 -2.563817
v -11.475850 18.542761 -3.366239
v -11.475850 19.347445 -3.366239
v -10.838841 18.542761 -2.511426
v -10.838841 19.347445 -2.511426
v -10.778552 18.542761 -3.313848
v -10.778552 19.347445 -3.313848
v -8.901907 18.542761 -2.365899
v -8.901907 19.347445 -2.365899
v -8.841619 18.542761 -3.168320
v -8.841619 19.347445 -3.168320
v -8.204611 18.542761 -2.313508
v -8.204611 19.347445 -2.313508
v -8.144323 18.542761 -3.115930
v -8.144323 19.347445 -3.115930
v -6.267675 18.542761 -2.167980
v -6.267675 19.347445 -2.167980
v -6.207388 18.542761 -2.970402
v -6.207388 19.347445 -2.970402
v -5.570379 18.542761 -2.115590
v -5.570379 19.347445 -2.115590
v -5.510092 18.542761 -2.918012
v -5.510092 19.347445 -2.918012
v -3.633446 18.542761 -1.970062
v -3.633446 19.347445 -1.970062
v -3.573158 18.542761 -2.772484
v -3.573158 19.347445 -2.772484
v -2.936150 18.542761 -1.917672
v -2.936150 19.347445 -1.917672
v -2.875862 18.542761 -2.720093
v -2.875862 19.347445 -2.720093
v -0.999214 18.542761 -1.772143
v -0.999214 19.347445 -1.772143
v -0.938927 18.542761 -2.574565
v -0.938927 19.347445 -2.574565
v -0.301920 18.542761 -1.719754
v -0.301920 19.347445 -1.719754
v -0.241632 18.542761 -2.522175
v -0.241632 19.347445 -2.522175
v 1.635014 18.542761 -1.574225
v 1.635014 19.347445 -1.574225
v 1.695301 18.542761 -2.376647
v 1.695301 19.347445 -2.376647
v 2.332314 18.542761 -1.521835
v 2.332314 19.347445 -1.521835
v 2.392601 18.542761 -2.324257
v 2.392601 19.347445 -2.324257
v 4.269247 18.542761 -1.376307
v 4.269247 19.347445 -1.376307
v 4.329535 18.542761 -2.178729
v 4.329535 19.347445 -2.178729
v 4.966543 18.542761 -1.323917
v 4.966543 19.347445 -1.323917
v 5.026831 18.542761 -2.126338
v 5.026831 19.347445 -2.126338
v 6.903481 18.542761 -1.178389
v 6.903481 19.347445 -1.178389
v 6.963768 18.542761 -1.980810
v 6.963768 19.347445 -1.980810
v 7.600773 18.542761 -1.125998
v 7.600773 19.347445 -1.125998
v 7.661060 18.542761 -1.928420
v 7.661060 19.347445 -1.928420
v 9.537708 18.542761 -0.980470
v 9.537708 19.347445 -0.980470
v 9.597996 18.542761 -1.782892
v 9.597996 19.347445 -1.782892
v 10.235004 18.542761 -0.928080
v 10.235004 19.347445 -0.928080
v 10.295292 18.542761 -1.730502
v 10.295292 19.347445 -1.730502
v 12.171940 18.542761 -0.782552
v 12.171940 19.347445 -0.782552
v 12.232227 18.542761 -1.584974
v 12.232227 19.347445 -1.584974
v 12.869236 18.542761 -0.730162
v 12.869236 19.347445 -0.730162
v 12.929523 18.542761 -1.532584
v 12.929523 19.347445 -1.532584
v 14.806168 18.542761 -0.584634
v 14.806168 19.347445 -0.584634
v 14.866455 18.542761 -1.387055
v 14.866455 19.347445 -1.387055
v 15.503468 18.542761 -0.532244
v 15.503468 19.347445 -0.532244
v 15.563755 18.542761 -1.334665
v 15.563755 19.347445 -1.334665
v 17.440399 18.542761 -0.386715
v 17.440399 19.347445 -0.386715
v 17.500687 18.542761 -1.189137
v 17.500687 19.347445 -1.189137
v 18.137699 18.542761 -0.334325
v 18.137699 19.347445 -0.334325
v 18.197987 18.542761 -1.136747
v 18.197987 19.347445 -1.136747
v 20.074635 18.542761 -0.188797
v 20.074635 19.347445 -0.188797
v 20.134922 18.542761 -0.991219
v 20.134922 19.347445 -0.991219
v 20.771927 18.542761 -0.136407
v 20.771927 19.347445 -0.136407
v 20.832214 18.542761 -0.938829
v 20.832214 19.347445 -0.938829
v 22.708862 18.542761 0.009121
v 22.708862 19.347445 0.009121
v 22.769150 18.542761 -0.793301
v 22.769150 19.347445 -0.793301
v 23.406158 18.542761 0.061512
v 23.406158 19.347445 0.061512
v 23.466446 18.542761 -0.740910
v 23.466446 19.347445 -0.740910
v 25.343094 18.542761 0.207040
v 25.343094 19.347445 0.207040
v 25.403381 18.542761 -0.595382
v 25.403381 19.347445 -0.595382
v 26.040390 18.542761 0.259429
v 26.040390 19.347445 0.259429
v 26.100677 18.542761 -0.542992
v 26.100677 19.347445 -0.542992
v 27.977322 18.542761 0.404958
v 27.977322 19.347445 0.404958
v 28.037609 18.542761 -0.397464
v 28.037609 19.347445 -0.397464
v 28.674622 18.542761 0.457348
v 28.674622 19.347445 0.457348
v 28.734909 18.542761 -0.345073
v 28.734909 19.347445 -0.345073
v 30.611553 18.542761 0.602876
v 30.611553 19.347445 0.602876
v 30.671841 18.542761 -0.199546
v 30.671841 19.347445 -0.199546
v 31.308853 18.542761 0.655267
v 31.308853 19.347445 0.655267
v 31.369141 18.542761 -0.147155
v 31.369141 19.347445 -0.147155
v 33.245789 18.542761 0.800795
v 33.245789 19.347445 0.800795
v 33.306076 18.542761 -0.001627
v 33.306076 19.347445 -0.001627
v 33.943081 18.542761 0.853185
v 33.943081 19.347445 0.853185
v 34.003368 18.542761 0.050763
v 34.003368 19.347445 0.050763
v 35.880016 18.542761 0.998713
v 35.880016 19.347445 0.998713
v 35.940304 18.542761 0.196291
v 35.940304 19.347445 0.196291
v 36.577312 18.542761 1.051103
v 36.577312 19.347445 1.051103
v 36.637600 18.542761 0.248681
v 36.637600 19.347445 0.248681
v 38.514252 18.542761 1.196631
v 38.514252 19.347445 1.196631
v 38.574539 18.542761 0.394209
v 38.574539 19.347445 0.394209
v 39.211548 18.542761 1.249022
v 39.211548 19.347445 1.249022
v 39.271835 18.542761 0.446599
v 39.271835 19.347445 0.446599
v 41.148483 18.542761 1.394550
v 41.148483 19.347445 1.394550
v 41.208771 18.542761 0.592128
v 41.208771 19.347445 0.592128
v -26.462759 18.549170 -6.122766
v -26.462759 19.353741 -6.136254
v -26.402470 18.535721 -6.925076
v -26.402470 19.340290 -6.938563
v -24.525824 18.551609 -5.977259
v -24.525824 19.356180 -5.990746
v -24.465536 18.538160 -6.779567
v -24.465536 19.342730 -6.793056
v -23.828527 18.552488 -5.924876
v -23.828527 19.357058 -5.938364
v -23.768240 18.539038 -6.727185
v -23.768238 19.343609 -6.740673
v -21.891594 18.554928 -5.779368
v -21.891594 19.359497 -5.792856
v -21.831305 18.541477 -6.581676
v -21.831305 19.346046 -6.595165
v -21.194298 18.555805 -5.726985
v -21.194298 19.360376 -5.740473
v -21.134008 18.542355 -6.529294
v -21.134008 19.346926 -6.542782
v -19.257362 18.558245 -5.581477
v -19.257362 19.362816 -5.594965
v -19.197073 18.544794 -6.383786
v -19.197073 19.349365 -6.397274
v -18.560066 18.559122 -5.529095
v -18.560066 19.363693 -5.542583
v -18.499777 18.545673 -6.331404
v -18.499777 19.350243 -6.344892
v -16.623131 18.561562 -5.383587
v -16.623131 19.366133 -5.397075
v -16.562843 18.548113 -6.185896
v -16.562843 19.352682 -6.199384
v -15.925835 18.562441 -5.331204
v -15.925836 19.367010 -5.344692
v -15.865546 18.548990 -6.133513
v -15.865546 19.353561 -6.147001
v -13.988901 18.564880 -5.185697
v -13.988900 19.369450 -5.199184
v -13.928612 18.551430 -5.988005
v -13.928612 19.355999 -6.001493
v -13.291604 18.565758 -5.133314
v -13.291604 19.370329 -5.146802
v -13.231317 18.552307 -5.935623
v -13.231316 19.356878 -5.949111
v -11.354670 18.568197 -4.987806
v -11.354671 19.372768 -5.001294
v -11.294381 18.554747 -5.790115
v -11.294382 19.359318 -5.803603
v -10.657373 18.569075 -4.935423
v -10.657372 19.373646 -4.948911
v -10.597085 18.555626 -5.737732
v -10.597085 19.360195 -5.751220
v -8.720442 18.571514 -4.789916
v -8.720440 19.376085 -4.803404
v -8.660151 18.558065 -5.592224
v -8.660151 19.362635 -5.605712
v -8.023144 18.572393 -4.737533
v -8.023142 19.376963 -4.751020
v -7.962854 18.558943 -5.539842
v -7.962854 19.363514 -5.553329
v -6.086206 18.574833 -4.592025
v -6.086205 19.379402 -4.605513
v -6.025917 18.561382 -5.394334
v -6.025917 19.365952 -5.407822
v -5.388912 18.575710 -4.539642
v -5.388912 19.380281 -4.553130
v -5.328625 18.562260 -5.341951
v -5.328625 19.366831 -5.355439
v -3.451977 18.578150 -4.394135
v -3.451977 19.382719 -4.407622
v -3.391689 18.564699 -5.196444
v -3.391689 19.369270 -5.209931
v -2.754683 18.579027 -4.341752
v -2.754683 19.383598 -4.355240
v -2.694395 18.565578 -5.144061
v -2.694393 19.370148 -5.157549
v -0.817745 18.581467 -4.196244
v -0.817745 19.386038 -4.209732
v -0.757456 18.568018 -4.998553
v -0.757456 19.372587 -5.012041
v -0.120453 18.582346 -4.143861
v -0.120453 19.386915 -4.157349
v -0.060163 18.568895 -4.946170
v -0.060163 19.373465 -4.959659
v 1.816483 18.584785 -3.998353
v 1.816484 19.389355 -4.011842
v 1.876772 18.571335 -4.800663
v 1.876772 19.375904 -4.814151
v 2.513781 18.585663 -3.945971
v 2.513781 19.390232 -3.959459
v 2.574068 18.572212 -4.748280
v 2.574068 19.376783 -4.761768
v 4.450716 18.588102 -3.800463
v 4.450716 19.392672 -3.813951
v 4.511003 18.574652 -4.602772
v 4.511003 19.379223 -4.616260
v 5.148010 18.588980 -3.748080
v 5.148010 19.393551 -3.761568
v 5.208298 18.575531 -4.550389
v 5.208300 19.380100 -4.563877
v 7.084949 18.591419 -3.602572
v 7.084949 19.395990 -3.616060
v 7.145237 18.577969 -4.404881
v 7.145237 19.382540 -4.418369
v 7.782242 18.592299 -3.550189
v 7.782242 19.396868 -3.563678
v 7.842529 18.578848 -4.352499
v 7.842529 19.383417 -4.365987
v 9.719173 18.594738 -3.404682
v 9.719177 19.399307 -3.418170
v 9.779465 18.581287 -4.206991
v 9.779465 19.385857 -4.220479
v 10.416473 18.595615 -3.352299
v 10.416473 19.400185 -3.365787
v 10.476761 18.582165 -4.154608
v 10.476765 19.386736 -4.168097
v 12.353409 18.598055 -3.206791
v 12.353409 19.402624 -3.220279
v 12.413696 18.584604 -4.009100
v 12.413696 19.389175 -4.022588
v 13.050701 18.598932 -3.154409
v 13.050705 19.403503 -3.167897
v 13.110992 18.585484 -3.956718
v 13.110992 19.390053 -3.970206
v 14.987637 18.601372 -3.008901
v 14.987637 19.405943 -3.022389
v 15.047924 18.587921 -3.811210
v 15.047924 19.392492 -3.824698
v 15.684937 18.602251 -2.956518
v 15.684937 19.406820 -2.970006
v 15.745224 18.588800 -3.758827
v 15.745224 19.393370 -3.772315
v 17.621868 18.604691 -2.811010
v 17.621868 19.409260 -2.824498
v 17.682156 18.591240 -3.613319
v 17.682156 19.395809 -3.626807
v 18.319168 18.605568 -2.758627
v 18.319168 19.410137 -2.772115
v 18.379456 18.592117 -3.560936
v 18.379459 19.396688 -3.574424
v 20.256100 18.608007 -2.613120
v 20.256100 19.412577 -2.626608
v 20.316387 18.594557 -3.415429
v 20.316391 19.399128 -3.428917
v 20.953396 18.608885 -2.560737
v 20.953396 19.413456 -2.574225
v 21.013683 18.595436 -3.363046
v 21.013683 19.400005 -3.376534
v 22.890327 18.611324 -2.415230
v 22.890331 19.415895 -2.428717
v 22.950619 18.597874 -3.217538
v 22.950619 19.402445 -3.231026
v 23.587627 18.612204 -2.362846
v 23.587631 19.416773 -2.376334
v 23.647915 18.598753 -3.165155
v 23.647919 19.403322 -3.178643
v 25.524563 18.614643 -2.217339
v 25.524563 19.419212 -2.230827
v 25.584850 18.601192 -3.019648
v 25.584850 19.405762 -3.033136
v 26.221855 18.615520 -2.164956
v 26.221855 19.420090 -2.178444
v 26.282143 18.602070 -2.967265
v 26.282143 19.406641 -2.980753
v 28.158791 18.617960 -2.019449
v 28.158791 19.422529 -2.032937
v 28.219078 18.604509 -2.821758
v 28.219082 19.409081 -2.835245
v 28.856087 18.618837 -1.967066
v 28.856091 19.423409 -1.980553
v 28.916382 18.605389 -2.769374
v 28.916382 19.409958 -2.782862
v 30.793022 18.621277 -1.821558
v 30.793022 19.425848 -1.835046
v 30.853310 18.607826 -2.623867
v 30.853310 19.412397 -2.637355
v 31.490318 18.622156 -1.769175
v 31.490322 19.426725 -1.782663
v 31.550610 18.608706 -2.571484
v 31.550610 19.413275 -2.584972
v 33.427254 18.624596 -1.623667
v 33.427258 19.429165 -1.637155
v 33.487541 18.611145 -2.425976
v 33.487545 19.415714 -2.439464
v 34.124554 18.625473 -1.571285
v 34.124554 19.430042 -1.584773
v 34.184841 18.612022 -2.373594
v 34.184841 19.416594 -2.387081
v 36.061481 18.627913 -1.425777
v 36.061481 19.432482 -1.439265
v 36.121769 18.614462 -2.228086
v 36.121769 19.419033 -2.241574
v 36.758781 18.628790 -1.373394
v 36.758781 19.433361 -1.386882
v 36.819069 18.615339 -2.175703
v 36.819069 19.419910 -2.189191
v 38.695717 18.631229 -1.227886
v 38.695717 19.435801 -1.241374
v 38.756004 18.617779 -2.030195
v 38.756004 19.422350 -2.043683
v 39.393013 18.632109 -1.175503
v 39.393021 19.436678 -1.188991
v 39.453308 18.618658 -1.977812
v 39.453308 19.423227 -1.991300
v 41.329948 18.634546 -1.029996
v 41.329948 19.439117 -1.043484
v 41.390236 18.621098 -1.832305
v 41.390236 19.425667 -1.845793
vn -0.9972 -0.0000 -0.0749
vn 0.0749 -0.0000 -0.9972
vn 0.9972 -0.0000 0.0749
vn -0.0749 -0.0000 0.9972
vn -0.0000 -1.0000 -0.0000
vn -0.0000 1.0000 -0.0000
vn -0.9972 -0.0013 -0.0749
vn 0.0749 -0.0167 -0.9970
vn 0.9972 0.0013 0.0749
vn -0.0749 0.0167 0.9970
vn -0.0000 -0.9999 0.0168
vn -0.0000 0.9999 -0.0168
vt 0.375000 0.000000
vt 0.625000 0.000000
vt 0.625000 0.250000
vt 0.375000 0.250000
vt 0.625000 0.500000
vt 0.375000 0.500000
vt 0.625000 0.750000
vt 0.375000 0.750000
vt 0.625000 1.000000
vt 0.375000 1.000000
vt 0.125000 0.500000
vt 0.125000 0.750000
vt 0.875000 0.500000
vt 0.875000 0.750000
s 0
usemtl 
f 811/494/388 812/495/388 814/496/388 813/497/388
f 813/497/389 814/496/389 818/498/389 817/499/389
f 817/499/390 818/498/390 816/500/390 815/501/390
f 815/501/391 816/500/391 812/502/391 811/503/391
f 813/504/392 817/499/392 815/501/392 811/505/392
f 818/498/393 814/506/393 812/507/393 816/500/393
f 819/494/388 820/495/388 822/496/388 821/497/388
f 821/497/389 822/496/389 826/498/389 825/499/389
f 825/499/390 826/498/390 824/500/390 823/501/390
f 823/501/391 824/500/391 820/502/391 819/503/391
f 821/504/392 825/499/392 823/501/392 819/505/392
f 826/498/393 822/506/393 820/507/393 824/500/393
f 827/494/388 828/495/388 830/496/388 829/497/388
f 829/497/389 830/496/389 834/498/389 833/499/389
f 833/499/390 834/498/390 832/500/390 831/501/390
f 831/501/391 832/500/391 828/502/391 827/503/391
f 829/504/392 833/499/392 831/501/392 827/505/392
f 834/498/393 830/506/393 828/507/393 832/500/393
f 835/494/388 836/495/388 838/496/388 837/497/388
f 837/497/389 838/496/389 842/498/389 841/499/389
f 841/499/390 842/498/390 840/500/390 839/501/390
f 839/501/391 840/500/391 836/502/391 835/503/391
f 837/504/392 841/499/392 839/501/392 835/505/392
f 842/498/393 838/506/393 836/507/393 840/500/393
f 843/494/388 844/495/388 846/496/388 845/497/388
f 845/497/389 846/496/389 850/498/389 849/499/389
f 849/499/390 850/498/390 848/500/390 847/501/390
f 847/501/391 848/500/391 844/502/391 843/503/391
f 845/504/392 849/499/392 847/501/392 843/505/392
f 850/498/393 846/506/393 844/507/393 848/500/393
f 851/494/388 852/495/388 854/496/388 853/497/388
f 853/497/389 854/496/389 858/498/389 857/499/389
f 857/499/390 858/498/390 856/500/390 855/501/390
f 855/501/391 856/500/391 852/502/391 851/503/391
f 853/504/392 857/499/392 855/501/392 851/505/392
f 858/498/393 854/506/393 852/507/393 856/500/393
f 859/494/388 860/495/388 862/496/388 861/497/388
f 861/497/389 862/496/389 866/498/389 865/499/389
f 865/499/390 866/498/390 864/500/390 863/501/390
f 863/501/391 864/500/391 860/502/391 859/503/391
f 861/504/392 865/499/392 863/501/392 859/505/392
f 866/498/393 862/506/393 860/507/393 864/500/393
f 867/494/388 868/495/388 870/496/388 869/497/388
f 869/497/389 870/496/389 874/498/389 873/499/389
f 873/499/390 874/498/390 872/500/390 871/501/390
f 871/501/391 872/500/391 868/502/391 867/503/391
f 869/504/392 873/499/392 871/501/392 867/505/392
f 874/498/393 870/506/393 868/507/393 872/500/393
f 875/494/388 876/495/388 878/496/388 877/497/388
f 877/497/389 878/496/389 882/498/389 881/499/389
f 881/499/390 882/498/390 880/500/390 879/501/390
f 879/501/391 880/500/391 876/502/391 875/503/391
f 877/504/392 881/499/392 879/501/392 875/505/392
f 882/498/393 878/506/393 876/507/393 880/500/393
f 883/494/388 884/495/388 886/496/388 885/497/388
f 885/497/389 886/496/389 890/498/389 889/499/389
f 889/499/390 890/498/390 888/500/390 887/501/390
f 887/501/391 888/500/391 884/502/391 883/503/391
f 885/504/392 889/499/392 887/501/392 883/505/392
f 890/498/393 886/506/393 884/507/393 888/500/393
f 891/494/388 892/495/388 894/496/388 893/497/388
f 893/497/389 894/496/389 898/498/389 897/499/389
f 897/499/390 898/498/390 896/500/390 895/501/390
f 895/501/391 896/500/391 892/502/391 891/503/391
f 893/504/392 897/499/392 895/501/392 891/505/392
f 898/498/393 894/506/393 892/507/393 896/500/393
f 899/494/388 900/495/388 902/496/388 901/497/388
f 901/497/389 902/496/389 906/498/389 905/499/389
f 905/499/390 906/498/390 904/500/390 903/501/390
f 903/501/391 904/500/391 900/502/391 899/503/391
f 901/504/392 905/499/392 903/501/392 899/505/392
f 906/498/393 902/506/393 900/507/393 904/500/393
f 907/494/388 908/495/388 910/496/388 909/497/388
f 909/497/389 910/496/389 914/498/389 913/499/389
f 913/499/390 914/498/390 912/500/390 911/501/390
f 911/501/391 912/500/391 908/502/391 907/503/391
f 909/504/392 913/499/392 911/501/392 907/505/392
f 914/498/393 910/506/393 908/507/393 912/500/393
f 915/494/388 916/495/388 918/496/388 917/497/388
f 917/497/389 918/496/389 922/498/389 921/499/389
f 921/499/390 922/498/390 920/500/390 919/501/390
f 919/501/391 920/500/391 916/502/391 915/503/391
f 917/504/392 921/499/392 919/501/392 915/505/392
f 922/498/393 918/506/393 916/507/393 920/500/393
f 923/494/388 924/495/388 926/496/388 925/497/388
f 925/497/389 926/496/389 930/498/389 929/499/389
f 929/499/390 930/498/390 928/500/390 927/501/390
f 927/501/391 928/500/391 924/502/391 923/503/391
f 925/504/392 929/499/392 927/501/392 923/505/392
f 930/498/393 926/506/393 924/507/393 928/500/393
f 931/494/388 932/495/388 934/496/388 933/497/388
f 933/497/389 934/496/389 938/498/389 937/499/389
f 937/499/390 938/498/390 936/500/390 935/501/390
f 935/501/391 936/500/391 932/502/391 931/503/391
f 933/504/392 937/499/392 935/501/392 931/505/392
f 938/498/393 934/506/393 932/507/393 936/500/393
f 939/494/388 940/495/388 942/496/388 941/497/388
f 941/497/389 942/496/389 946/498/389 945/499/389
f 945/499/390 946/498/390 944/500/390 943/501/390
f 943/501/391 944/500/391 940/502/391 939/503/391
f 941/504/392 945/499/392 943/501/392 939/505/392
f 946/498/393 942/506/393 940/507/393 944/500/393
f 947/494/388 948/495/388 950/496/388 949/497/388
f 949/497/389 950/496/389 954/498/389 953/499/389
f 953/499/390 954/498/390 952/500/390 951/501/390
f 951/501/391 952/500/391 948/502/391 947/503/391
f 949/504/392 953/499/392 951/501/392 947/505/392
f 954/498/393 950/506/393 948/507/393 952/500/393
f 955/494/388 956/495/388 958/496/388 957/497/388
f 957/497/389 958/496/389 962/498/389 961/499/389
f 961/499/390 962/498/390 960/500/390 959/501/390
f 959/501/391 960/500/391 956/502/391 955/503/391
f 957/504/392 961/499/392 959/501/392 955/505/392
f 962/498/393 958/506/393 956/507/393 960/500/393
f 963/494/388 964/495/388 966/496/388 965/497/388
f 965/497/389 966/496/389 970/498/389 969/499/389
f 969/499/390 970/498/390 968/500/390 967/501/390
f 967/501/391 968/500/391 964/502/391 963/503/391
f 965/504/392 969/499/392 967/501/392 963/505/392
f 970/498/393 966/506/393 964/507/393 968/500/393
f 971/494/388 972/495/388 974/496/388 973/497/388
f 973/497/389 974/496/389 978/498/389 977/499/389
f 977/499/390 978/498/390 976/500/390 975/501/390
f 975/501/391 976/500/391 972/502/391 971/503/391
f 973/504/392 977/499/392 975/501/392 971/505/392
f 978/498/393 974/506/393 972/507/393 976/500/393
f 979/494/388 980/495/388 982/496/388 981/497/388
f 981/497/389 982/496/389 986/498/389 985/499/389
f 985/499/390 986/498/390 984/500/390 983/501/390
f 983/501/391 984/500/391 980/502/391 979/503/391
f 981/504/392 985/499/392 983/501/392 979/505/392
f 986/498/393 982/506/393 980/507/393 984/500/393
f 987/494/388 988/495/388 990/496/388 989/497/388
f 989/497/389 990/496/389 994/498/389 993/499/389
f 993/499/390 994/498/390 992/500/390 991/501/390
f 991/501/391 992/500/391 988/502/391 987/503/391
f 989/504/392 993/499/392 991/501/392 987/505/392
f 994/498/393 990/506/393 988/507/393 992/500/393
f 995/494/388 996/495/388 998/496/388 997/497/388
f 997/497/389 998/496/389 1002/498/389 1001/499/389
f 1001/499/390 1002/498/390 1000/500/390 999/501/390
f 999/501/391 1000/500/391 996/502/391 995/503/391
f 997/504/392 1001/499/392 999/501/392 995/505/392
f 1002/498/393 998/506/393 996/507/393 1000/500/393
f 1003/494/388 1004/495/388 1006/496/388 1005/497/388
f 1005/497/389 1006/496/389 1010/498/389 1009/499/389
f 1009/499/390 1010/498/390 1008/500/390 1007/501/390
f 1007/501/391 1008/500/391 1004/502/391 1003/503/391
f 1005/504/392 1009/499/392 1007/501/392 1003/505/392
f 1010/498/393 1006/506/393 1004/507/393 1008/500/393
f 1011/494/388 1012/495/388 1014/496/388 1013/497/388
f 1013/497/389 1014/496/389 1018/498/389 1017/499/389
f 1017/499/390 1018/498/390 1016/500/390 1015/501/390
f 1015/501/391 1016/500/391 1012/502/391 1011/503/391
f 1013/504/392 1017/499/392 1015/501/392 1011/505/392
f 1018/498/393 1014/506/393 1012/507/393 1016/500/393
f 1019/494/394 1020/495/394 1022/496/394 1021/497/394
f 1021/497/395 1022/496/395 1026/498/395 1025/499/395
f 1025/499/396 1026/498/396 1024/500/396 1023/501/396
f 1023/501/397 1024/500/397 1020/502/397 1019/503/397
f 1021/504/398 1025/499/398 1023/501/398 1019/505/398
f 1026/498/399 1022/506/399 1020/507/399 1024/500/399
f 1027/494/394 1028/495/394 1030/496/394 1029/497/394
f 1029/497/395 1030/496/395 1034/498/395 1033/499/395
f 1033/499/396 1034/498/396 1032/500/396 1031/501/396
f 1031/501/397 1032/500/397 1028/502/397 1027/503/397
f 1029/504/398 1033/499/398 1031/501/398 1027/505/398
f 1034/498/399 1030/506/399 1028/507/399 1032/500/399
f 1035/494/394 1036/495/394 1038/496/394 1037/497/394
f 1037/497/395 1038/496/395 1042/498/395 1041/499/395
f 1041/499/396 1042/498/396 1040/500/396 1039/501/396
f 1039/501/397 1040/500/397 1036/502/397 1035/503/397
f 1037/504/398 1041/499/398 1039/501/398 1035/505/398
f 1042/498/399 1038/506/399 1036/507/399 1040/500/399
f 1043/494/394 1044/495/394 1046/496/394 1045/497/394
f 1045/497/395 1046/496/395 1050/498/395 1049/499/395
f 1049/499/396 1050/498/396 1048/500/396 1047/501/396
f 1047/501/397 1048/500/397 1044/502/397 1043/503/397
f 1045/504/398 1049/499/398 1047/501/398 1043/505/398
f 1050/498/399 1046/506/399 1044/507/399 1048/500/399
f 1051/494/394 1052/495/394 1054/496/394 1053/497/394
f 1053/497/395 1054/496/395 1058/498/395 1057/499/395
f 1057/499/396 1058/498/396 1056/500/396 1055/501/396
f 1055/501/397 1056/500/397 1052/502/397 1051/503/397
f 1053/504/398 1057/499/398 1055/501/398 1051/505/398
f 1058/498/399 1054/506/399 1052/507/399 1056/500/399
f 1059/494/394 1060/495/394 1062/496/394 1061/497/394
f 1061/497/395 1062/496/395 1066/498/395 1065/499/395
f 1065/499/396 1066/498/396 1064/500/396 1063/501/396
f 1063/501/397 1064/500/397 1060/502/397 1059/503/397
f 1061/504/398 1065/499/398 1063/501/398 1059/505/398
f 1066/498/399 1062/506/399 1060/507/399 1064/500/399
f 1067/494/394 1068/495/394 1070/496/394 1069/497/394
f 1069/497/395 1070/496/395 1074/498/395 1073/499/395
f 1073/499/396 1074/498/396 1072/500/396 1071/501/396
f 1071/501/397 1072/500/397 1068/502/397 1067/503/397
f 1069/504/398 1073/499/398 1071/501/398 1067/505/398
f 1074/498/399 1070/506/399 1068/507/399 1072/500/399
f 1075/494/394 1076/495/394 1078/496/394 1077/497/394
f 1077/497/395 1078/496/395 1082/498/395 1081/499/395
f 1081/499/396 1082/498/396 1080/500/396 1079/501/396
f 1079/501/397 1080/500/397 1076/502/397 1075/503/397
f 1077/504/398 1081/499/398 1079/501/398 1075/505/398
f 1082/498/399 1078/506/399 1076/507/399 1080/500/399
f 1083/494/394 1084/495/394 1086/496/394 1085/497/394
f 1085/497/395 1086/496/395 1090/498/395 1089/499/395
f 1089/499/396 1090/498/396 1088/500/396 1087/501/396
f 1087/501/397 1088/500/397 1084/502/397 1083/503/397
f 1085/504/398 1089/499/398 1087/501/398 1083/505/398
f 1090/498/399 1086/506/399 1084/507/399 1088/500/399
f 1091/494/394 1092/495/394 1094/496/394 1093/497/394
f 1093/497/395 1094/496/395 1098/498/395 1097/499/395
f 1097/499/396 1098/498/396 1096/500/396 1095/501/396
f 1095/501/397 1096/500/397 1092/502/397 1091/503/397
f 1093/504/398 1097/499/398 1095/501/398 1091/505/398
f 1098/498/399 1094/506/399 1092/507/399 1096/500/399
f 1099/494/394 1100/495/394 1102/496/394 1101/497/394
f 1101/497/395 1102/496/395 1106/498/395 1105/499/395
f 1105/499/396 1106/498/396 1104/500/396 1103/501/396
f 1103/501/397 1104/500/397 1100/502/397 1099/503/397
f 1101/504/398 1105/499/398 1103/501/398 1099/505/398
f 1106/498/399 1102/506/399 1100/507/399 1104/500/399
f 1107/494/394 1108/495/394 1110/496/394 1109/497/394
f 1109/497/395 1110/496/395 1114/498/395 1113/499/395
f 1113/499/396 1114/498/396 1112/500/396 1111/501/396
f 1111/501/397 1112/500/397 1108/502/397 1107/503/397
f 1109/504/398 1113/499/398 1111/501/398 1107/505/398
f 1114/498/399 1110/506/399 1108/507/399 1112/500/399
f 1115/494/394 1116/495/394 1118/496/394 1117/497/394
f 1117/497/395 1118/496/395 1122/498/395 1121/499/395
f 1121/499/396 1122/498/396 1120/500/396 1119/501/396
f 1119/501/397 1120/500/397 1116/502/397 1115/503/397
f 1117/504/398 1121/499/398 1119/501/398 1115/505/398
f 1122/498/399 1118/506/399 1116/507/399 1120/500/399
f 1123/494/394 1124/495/394 1126/496/394 1125/497/394
f 1125/497/395 1126/496/395 1130/498/395 1129/499/395
f 1129/499/396 1130/498/396 1128/500/396 1127/501/396
f 1127/501/397 1128/500/397 1124/502/397 1123/503/397
f 1125/504/398 1129/499/398 1127/501/398 1123/505/398
f 1130/498/399 1126/506/399 1124/507/399 1128/500/399
f 1131/494/394 1132/495/394 1134/496/394 1133/497/394
f 1133/497/395 1134/496/395 1138/498/395 1137/499/395
f 1137/499/396 1138/498/396 1136/500/396 1135/501/396
f 1135/501/397 1136/500/397 1132/502/397 1131/503/397
f 1133/504/398 1137/499/398 1135/501/398 1131/505/398
f 1138/498/399 1134/506/399 1132/507/399 1136/500/399
f 1139/494/394 1140/495/394 1142/496/394 1141/497/394
f 1141/497/395 1142/496/395 1146/498/395 1145/499/395
f 1145/499/396 1146/498/396 1144/500/396 1143/501/396
f 1143/501/397 1144/500/397 1140/502/397 1139/503/397
f 1141/504/398 1145/499/398 1143/501/398 1139/505/398
f 1146/498/399 1142/506/399 1140/507/399 1144/500/399
f 1147/494/394 1148/495/394 1150/496/394 1149/497/394
f 1149/497/395 1150/496/395 1154/498/395 1153/499/395
f 1153/499/396 1154/498/396 1152/500/396 1151/501/396
f 1151/501/397 1152/500/397 1148/502/397 1147/503/397
f 1149/504/398 1153/499/398 1151/501/398 1147/505/398
f 1154/498/399 1150/506/399 1148/507/399 1152/500/399
f 1155/494/394 1156/495/394 1158/496/394 1157/497/394
f 1157/497/395 1158/496/395 1162/498/395 1161/499/395
f 1161/499/396 1162/498/396 1160/500/396 1159/501/396
f 1159/501/397 1160/500/397 1156/502/397 1155/503/397
f 1157/504/398 1161/499/398 1159/501/398 1155/505/398
f 1162/498/399 1158/506/399 1156/507/399 1160/500/399
f 1163/494/394 1164/495/394 1166/496/394 1165/497/394
f 1165/497/395 1166/496/395 1170/498/395 1169/499/395
f 1169/499/396 1170/498/396 1168/500/396 1167/501/396
f 1167/501/397 1168/500/397 1164/502/397 1163/503/397
f 1165/504/398 1169/499/398 1167/501/398 1163/505/398
f 1170/498/399 1166/506/399 1164/507/399 1168/500/399
f 1171/494/394 1172/495/394 1174/496/394 1173/497/394
f 1173/497/395 1174/496/395 1178/498/395 1177/499/395
f 1177/499/396 1178/498/396 1176/500/396 1175/501/396
f 1175/501/397 1176/500/397 1172/502/397 1171/503/397
f 1173/504/398 1177/499/398 1175/501/398 1171/505/398
f 1178/498/399 1174/506/399 1172/507/399 1176/500/399
f 1179/494/394 1180/495/394 1182/496/394 1181/497/394
f 1181/497/395 1182/496/395 1186/498/395 1185/499/395
f 1185/499/396 1186/498/396 1184/500/396 1183/501/396
f 1183/501/397 1184/500/397 1180/502/397 1179/503/397
f 1181/504/398 1185/499/398 1183/501/398 1179/505/398
f 1186/498/399 1182/506/399 1180/507/399 1184/500/399
f 1187/494/394 1188/495/394 1190/496/394 1189/497/394
f 1189/497/395 1190/496/395 1194/498/395 1193/499/395
f 1193/499/396 1194/498/396 1192/500/396 1191/501/396
f 1191/501/397 1192/500/397 1188/502/397 1187/503/397
f 1189/504/398 1193/499/398 1191/501/398 1187/505/398
f 1194/498/399 1190/506/399 1188/507/399 1192/500/399
f 1195/494/394 1196/495/394 1198/496/394 1197/497/394
f 1197/497/395 1198/496/395 1202/498/395 1201/499/395
f 1201/499/396 1202/498/396 1200/500/396 1199/501/396
f 1199/501/397 1200/500/397 1196/502/397 1195/503/397
f 1197/504/398 1201/499/398 1199/501/398 1195/505/398
f 1202/498/399 1198/506/399 1196/507/399 1200/500/399
f 1203/494/394 1204/495/394 1206/496/394 1205/497/394
f 1205/497/395 1206/496/395 1210/498/395 1209/499/395
f 1209/499/396 1210/498/396 1208/500/396 1207/501/396
f 1207/501/397 1208/500/397 1204/502/397 1203/503/397
f 1205/504/398 1209/499/398 1207/501/398 1203/505/398
f 1210/498/399 1206/506/399 1204/507/399 1208/500/399
f 1211/494/394 1212/495/394 1214/496/394 1213/497/394
f 1213/497/395 1214/496/395 1218/498/395 1217/499/395
f 1217/499/396 1218/498/396 1216/500/396 1215/501/396
f 1215/501/397 1216/500/397 1212/502/397 1211/503/397
f 1213/504/398 1217/499/398 1215/501/398 1211/505/398
f 1218/498/399 1214/506/399 1212/507/399 1216/500/399
f 1219/494/394 1220/495/394 1222/496/394 1221/497/394
f 1221/497/395 1222/496/395 1226/498/395 1225/499/395
f 1225/499/396 1226/498/396 1224/500/396 1223/501/396
f 1223/501/397 1224/500/397 1220/502/397 1219/503/397
f 1221/504/398 1225/499/398 1223/501/398 1219/505/398
f 1226/498/399 1222/506/399 1220/507/399 1224/500/399
o Plane
v 1.098911 19.599201 -13.434219
v 2.203602 19.599201 -11.765195
v 0.338758 19.599201 -14.713328
v 2.286468 19.599201 -14.630463
v -0.736816 19.599201 -17.128500
v 0.519750 19.599201 -17.091593
v -0.533329 19.599201 -16.239483
v 2.402747 19.599201 -16.156616
v 10.343089 19.599201 -10.331619
v 10.425956 19.599201 -14.242868
v 10.658512 19.599201 -16.658039
v 10.542233 19.599201 -15.769022
v 6.356212 19.599201 -14.436666
v 6.472489 19.599201 -15.962819
v 6.588768 19.599201 -16.851837
v 3.996227 19.599201 -10.670765
v 11.263398 19.599201 -10.897964
v 11.346264 19.599201 -12.862404
v 11.462543 19.599201 -14.388557
v 15.192411 19.599201 -10.402412
v 15.275278 19.599201 -12.366853
v 15.391556 19.599201 -13.893006
v 20.855854 19.599201 -10.402412
v 20.938721 19.599201 -12.366853
v 21.054998 19.599201 -13.893006
v 25.598986 19.599201 -10.402412
v 25.681854 19.599201 -12.366853
v 25.798130 19.599201 -13.893006
v 28.961657 19.599201 -9.977654
v 29.044523 19.599201 -11.942095
v 29.160801 19.599201 -13.468248
v 32.572102 19.599201 -9.659086
v 32.654968 19.599201 -11.623526
v 32.771248 19.599201 -13.149679
v 42.412334 19.599201 -9.659086
v 42.495201 19.599201 -11.623526
v 42.611481 19.599201 -13.149679
v 3.111500 19.599201 -46.236641
v 7.750908 19.599201 -46.088799
v 10.343089 19.025978 -8.474895
v 3.996228 19.025978 -8.814041
v 11.263399 19.025978 -9.041239
v 15.192411 19.025978 -8.545689
v 20.855854 19.025978 -8.545689
v 25.598986 19.025978 -8.545689
v 28.961655 19.025978 -8.120931
v 32.572098 19.025978 -7.802361
v 42.412334 19.025978 -7.802361
v 1.098911 19.022396 -13.434219
v 2.203602 19.022396 -11.765195
v 0.338758 19.022396 -14.713328
v 2.286468 19.022396 -14.630463
v -0.736816 19.022396 -17.128500
v 0.519750 19.022396 -17.091593
v -0.533329 19.022396 -16.239483
v 2.402747 19.022396 -16.156616
v 10.310452 19.032370 -10.433316
v 10.425956 19.022396 -14.242868
v 10.658512 19.022396 -16.658039
v 10.542233 19.022396 -15.769022
v 6.356212 19.022396 -14.436666
v 6.472489 19.022396 -15.962819
v 6.588768 19.022396 -16.851837
v 3.999578 19.025824 -10.733474
v 11.251096 19.026514 -10.965657
v 11.346264 19.022396 -12.862404
v 11.462543 19.022396 -14.388557
v 15.198254 19.029392 -10.491791
v 15.275278 19.022396 -12.366853
v 15.391556 19.022396 -13.893006
v 20.855854 19.028849 -10.488451
v 20.938721 19.022396 -12.366853
v 21.054998 19.022396 -13.893006
v 25.603998 19.028372 -10.485073
v 25.681854 19.022396 -12.366853
v 25.798130 19.022396 -13.893006
v 28.971096 19.029074 -10.064667
v 29.044523 19.022396 -11.942095
v 29.160801 19.022396 -13.468248
v 32.576103 19.029221 -9.747471
v 32.654968 19.022396 -11.623526
v 32.771248 19.022396 -13.149679
v 42.412334 19.028677 -9.743986
v 42.495201 19.022396 -11.623526
v 42.611481 19.022396 -13.149679
v 3.111500 19.022396 -46.236641
v 7.750908 19.022396 -46.088799
v 10.306298 18.475962 -8.644700
v 4.005319 18.474909 -8.984172
v 11.215680 18.476730 -9.210808
v 15.202712 18.474928 -8.715813
v 20.855854 18.474840 -8.715840
v 25.610123 18.474943 -8.715809
v 28.979687 18.475109 -8.290998
v 32.579399 18.474884 -7.972500
v 42.412334 18.474840 -7.972513
vn -0.0000 1.0000 -0.0000
vn 0.1786 0.9401 0.2902
vn -0.0372 0.9548 0.2948
vn -0.0260 0.9552 0.2949
vn -0.0158 0.9554 0.2950
vn -0.0000 0.9555 0.2950
vn -0.0000 -1.0000 -0.0000
vn 0.0005 -1.0000 0.0020
vn 0.0004 -1.0000 0.0007
vn -0.0042 -1.0000 0.0023
vn -0.0000 -1.0000 0.0029
vn -0.0000 -1.0000 0.0036
vn -0.0001 -1.0000 0.0033
vn -0.0003 -1.0000 0.0034
vn -0.0003 -1.0000 0.0036
vn -0.0000 -1.0000 0.0035
vn -0.1778 -0.9388 -0.2951
vn 0.0375 -0.9537 -0.2983
vn 0.0365 -0.9539 -0.2980
vn 0.0263 -0.9542 -0.2981
vn 0.0157 -0.9542 -0.2987
vn -0.0000 -0.9545 -0.2982
vn -0.0000 -0.9545 -0.2983
vn 0.0001 -0.9544 -0.2984
vn -0.8597 -0.0000 0.5109
vn -0.8339 -0.0000 0.5519
vn 0.0294 -0.0000 -0.9996
vn -0.8682 -0.0000 0.4961
vn -0.9748 -0.0000 0.2231
vn 0.9916 -0.0000 0.1297
vn 0.0476 -0.0000 -0.9989
vn -0.5091 -0.0483 0.8594
vn 0.8321 -0.0000 -0.5547
vn 0.1251 -0.0000 -0.9921
vn -0.0000 -0.0000 -1.0000
vn 0.1253 -0.0000 -0.9921
vn 0.0879 -0.0000 -0.9961
vn 0.9991 -0.0032 0.0431
vn 0.9971 -0.0000 0.0760
vn 0.0318 -0.0000 -0.9995
vn -0.9961 -0.0000 -0.0886
vn 0.9992 -0.0000 0.0397
vn -0.0512 -0.2934 0.9546
vn 0.5038 -0.2899 0.8137
vn -0.1189 -0.2892 0.9499
vn -0.0000 -0.2950 0.9555
vn -0.1196 -0.2958 0.9477
vn -0.0841 -0.2957 0.9516
vn -0.9999 -0.0107 -0.0017
vn 1.0000 -0.0000 -0.0000
vt 0.000000 0.000000
vt 1.000000 0.000000
vt 1.000000 1.000000
vt 0.000000 1.000000
vt 0.000000 1.000000
vt 1.000000 1.000000
vt 1.000000 1.000000
s 0
usemtl 
f 1227/508/400 1228/509/400 1230/510/400 1229/511/400
f 1233/512/400 1234/510/400 1232/510/400 1231/511/400
f 1229/511/400 1230/510/400 1234/510/400 1233/512/400
f 1240/513/400 1239/514/400 1236/510/400 1238/510/400
f 1241/510/400 1240/513/400 1238/510/400 1237/510/400
f 1239/514/400 1242/509/400 1235/509/400 1236/510/400
f 1230/510/400 1228/509/400 1242/509/400 1239/514/400
f 1232/510/400 1234/510/400 1240/513/400 1241/510/400
f 1234/510/400 1230/510/400 1239/514/400 1240/513/400
f 1238/510/400 1236/510/400 1244/510/400 1245/510/400
f 1236/510/400 1235/509/400 1243/509/400 1244/510/400
f 1245/510/400 1244/510/400 1247/510/400 1248/510/400
f 1244/510/400 1243/509/400 1246/509/400 1247/510/400
f 1248/510/400 1247/510/400 1250/510/400 1251/510/400
f 1247/510/400 1246/509/400 1249/509/400 1250/510/400
f 1251/510/400 1250/510/400 1253/510/400 1254/510/400
f 1250/510/400 1249/509/400 1252/509/400 1253/510/400
f 1254/510/400 1253/510/400 1256/510/400 1257/510/400
f 1253/510/400 1252/509/400 1255/509/400 1256/510/400
f 1257/510/400 1256/510/400 1259/510/400 1260/510/400
f 1256/510/400 1255/509/400 1258/509/400 1259/510/400
f 1260/510/400 1259/510/400 1262/510/400 1263/510/400
f 1259/510/400 1258/509/400 1261/509/400 1262/510/400
f 1232/510/400 1241/510/400 1265/510/400 1264/510/400
f 1243/509/401 1235/509/401 1266/509/401 1268/509/401
f 1255/509/402 1252/509/402 1271/509/402 1272/509/402
f 1246/509/402 1243/509/402 1268/509/402 1269/509/402
f 1258/509/403 1255/509/403 1272/509/403 1273/509/403
f 1235/509/404 1242/509/404 1267/509/404 1266/509/404
f 1249/509/405 1246/509/405 1269/509/405 1270/509/405
f 1261/509/405 1258/509/405 1273/509/405 1274/509/405
f 1252/509/405 1249/509/405 1270/509/405 1271/509/405
f 1275/508/406 1277/511/406 1278/510/406 1276/509/406
f 1281/512/406 1279/511/406 1280/510/406 1282/510/406
f 1277/511/406 1281/512/406 1282/510/406 1278/510/406
f 1288/513/406 1286/510/406 1284/510/406 1287/514/406
f 1289/510/406 1285/510/406 1286/510/406 1288/513/406
f 1287/514/407 1284/510/407 1283/509/407 1290/509/407
f 1278/510/408 1287/514/408 1290/509/408 1276/509/408
f 1280/510/406 1289/510/406 1288/513/406 1282/510/406
f 1282/510/406 1288/513/406 1287/514/406 1278/510/406
f 1286/510/406 1293/510/406 1292/510/406 1284/510/406
f 1284/510/409 1292/510/409 1291/509/409 1283/509/409
f 1293/510/406 1296/510/406 1295/510/406 1292/510/406
f 1292/510/410 1295/510/410 1294/509/410 1291/509/410
f 1296/510/406 1299/510/406 1298/510/406 1295/510/406
f 1295/510/411 1298/510/411 1297/509/411 1294/509/411
f 1299/510/406 1302/510/406 1301/510/406 1298/510/406
f 1298/510/412 1301/510/412 1300/509/412 1297/509/412
f 1302/510/406 1305/510/406 1304/510/406 1301/510/406
f 1301/510/413 1304/510/413 1303/509/413 1300/509/413
f 1305/510/406 1308/510/406 1307/510/406 1304/510/406
f 1304/510/414 1307/510/414 1306/509/414 1303/509/414
f 1308/510/406 1311/510/406 1310/510/406 1307/510/406
f 1307/510/415 1310/510/415 1309/509/415 1306/509/415
f 1280/510/406 1312/510/406 1313/510/406 1289/510/406
f 1291/509/416 1316/509/416 1314/509/416 1283/509/416
f 1303/509/417 1320/509/417 1319/509/417 1300/509/417
f 1294/509/418 1317/509/418 1316/509/418 1291/509/418
f 1306/509/419 1321/509/419 1320/509/419 1303/509/419
f 1283/509/420 1314/509/420 1315/509/420 1290/509/420
f 1297/509/421 1318/509/421 1317/509/421 1294/509/421
f 1309/509/422 1322/509/422 1321/509/422 1306/509/422
f 1300/509/423 1319/509/423 1318/509/423 1297/509/423
f 1227/508/424 1229/511/424 1277/511/424 1275/508/424
f 1228/509/425 1227/508/425 1275/508/425 1276/509/425
f 1231/511/426 1232/510/426 1280/510/426 1279/511/426
f 1229/511/427 1233/512/427 1281/512/427 1277/511/427
f 1233/512/428 1231/511/428 1279/511/428 1281/512/428
f 1237/510/429 1238/510/429 1286/510/429 1285/510/429
f 1241/510/430 1237/510/430 1285/510/430 1289/510/430
f 1242/509/431 1228/509/431 1276/509/431 1290/509/431
f 1238/510/432 1245/510/432 1293/510/432 1286/510/432
f 1245/510/433 1248/510/433 1296/510/433 1293/510/433
f 1248/510/434 1251/510/434 1299/510/434 1296/510/434
f 1251/510/434 1254/510/434 1302/510/434 1299/510/434
f 1254/510/435 1257/510/435 1305/510/435 1302/510/435
f 1257/510/436 1260/510/436 1308/510/436 1305/510/436
f 1262/510/437 1261/509/437 1309/509/437 1310/510/437
f 1263/510/438 1262/510/438 1310/510/438 1311/510/438
f 1260/510/434 1263/510/434 1311/510/434 1308/510/434
f 1264/510/439 1265/510/439 1313/510/439 1312/510/439
f 1232/510/440 1264/510/440 1312/510/440 1280/510/440
f 1265/510/441 1241/510/441 1289/510/441 1313/510/441
f 1266/509/442 1267/509/442 1315/509/442 1314/509/442
f 1268/509/443 1266/509/443 1314/509/443 1316/509/443
f 1269/509/444 1268/509/444 1316/509/444 1317/509/444
f 1270/509/445 1269/509/445 1317/509/445 1318/509/445
f 1271/509/445 1270/509/445 1318/509/445 1319/509/445
f 1272/509/446 1271/509/446 1319/509/446 1320/509/446
f 1273/509/447 1272/509/447 1320/509/447 1321/509/447
f 1274/509/445 1273/509/445 1321/509/445 1322/509/445
f 1267/509/448 1242/509/448 1290/509/448 1315/509/448
f 1261/509/449 1274/509/449 1322/509/449 1309/509/449
o Plane.007
v -73.320168 20.338932 -0.995115
v -46.252270 20.338932 0.618636
v -73.255730 20.338932 -1.956198
v -46.187828 20.338932 -0.342447
v -41.876862 20.338932 0.839865
v -41.812424 20.338932 -0.121219
v -42.662888 20.338932 -0.164220
v -42.727333 20.338932 0.796863
v -42.368484 20.338932 7.990871
v -43.218948 20.338932 7.947871
v -73.320168 19.794701 -0.995115
v -46.252270 19.794701 0.618636
v -73.255730 19.794701 -1.956198
v -46.187828 19.794701 -0.342447
v -41.876862 19.794701 0.839865
v -41.812424 19.794701 -0.121219
v -42.662888 19.794701 -0.164220
v -42.727333 19.794701 0.796863
v -42.368484 19.794701 7.990871
v -43.218948 19.794701 7.947871
vn -0.0000 1.0000 -0.0000
vn -0.0000 -1.0000 -0.0000
vn -0.9978 -0.0000 -0.0669
vn -0.0595 -0.0000 0.9982
vn 0.0595 -0.0000 -0.9982
vn 0.9978 -0.0000 0.0669
vn 0.0505 -0.0000 -0.9987
vn -0.0505 -0.0000 0.9987
vn 0.9976 -0.0000 0.0686
vn -0.9976 -0.0000 -0.0686
vt 0.000000 0.000000
vt 1.000000 0.000000
vt 1.000000 1.000000
vt 0.000000 1.000000
s 0
f 1323/515/450 1324/516/450 1326/517/450 1325/518/450
f 1329/517/450 1330/516/450 1327/516/450 1328/517/450
f 1326/517/450 1324/516/450 1330/516/450 1329/517/450
f 1327/516/450 1330/516/450 1332/516/450 1331/516/450
f 1333/515/451 1335/518/451 1336/517/451 1334/516/451
f 1339/517/451 1338/517/451 1337/516/451 1340/516/451
f 1336/517/451 1339/517/451 1340/516/451 1334/516/451
f 1337/516/451 1341/516/451 1342/516/451 1340/516/451
f 1323/515/452 1325/518/452 1335/518/452 1333/515/452
f 1324/516/453 1323/515/453 1333/515/453 1334/516/453
f 1325/518/454 1326/517/454 1336/517/454 1335/518/454
f 1328/517/455 1327/516/455 1337/516/455 1338/517/455
f 1326/517/456 1329/517/456 1339/517/456 1336/517/456
f 1329/517/456 1328/517/456 1338/517/456 1339/517/456
f 1330/516/457 1324/516/457 1334/516/457 1340/516/457
f 1331/516/457 1332/516/457 1342/516/457 1341/516/457
f 1327/516/458 1331/516/458 1341/516/458 1337/516/458
f 1332/516/459 1330/516/459 1340/516/459 1342/516/459
o Plane.008
v -28.178236 19.666683 -11.245119
v -19.639015 19.431814 -14.420468
v -28.178236 19.666683 -19.414650
v -15.568541 19.431814 -17.938391
v -21.855055 19.502394 -13.360800
v -14.323378 19.502394 -19.185806
v -28.178236 19.666683 -17.173470
v -17.603779 19.431814 -16.107681
v -21.720366 19.502394 -17.501436
v -47.357651 19.715342 -13.393917
v -47.357651 19.715342 -20.793415
v -47.357651 19.715342 -18.763481
v -53.771301 19.674505 -16.374954
v -53.771301 19.674505 -21.510759
v -53.771301 19.674505 -20.101833
v -40.365784 19.697603 -18.183842
v -39.671494 19.697603 -20.290787
v -40.365784 19.697603 -12.610571
v -34.048584 19.681576 -17.660133
v -34.048584 19.681576 -11.902813
v -34.048584 19.681576 -24.336292
v -27.574362 19.824007 -25.409821
v -31.347630 19.889872 -30.331461
v -26.693583 19.874979 -34.481842
v -30.466850 19.889872 -39.403484
v -26.517427 19.874979 -39.942673
v -30.290695 19.889872 -44.864311
v -28.192675 18.576778 -11.245293
v -19.662838 18.342110 -14.429338
v -28.181381 18.576813 -19.431175
v -15.583979 18.342710 -17.979815
v -21.881596 18.412724 -13.364250
v -14.339518 18.413214 -19.224863
v -28.191172 18.576792 -17.181675
v -17.621971 18.342400 -16.138416
v -21.741613 18.412811 -17.522789
v -47.356503 18.625343 -13.393917
v -47.355217 18.625345 -20.793621
v -47.355518 18.625343 -18.763596
v -53.764362 18.584528 -16.374954
v -53.764362 18.584528 -21.510759
v -53.764362 18.584528 -20.101833
v -40.368549 18.607607 -18.184017
v -39.674355 18.607607 -20.291092
v -40.368546 18.607607 -12.610571
v -34.051403 18.591579 -17.660189
v -34.051350 18.591579 -11.902813
v -34.040276 18.591700 -24.350395
v -27.561275 18.734310 -25.431929
v -31.346313 18.799931 -30.342693
v -26.699793 18.785000 -34.484764
v -30.471607 18.799883 -39.404457
v -26.521555 18.784986 -39.942802
v -30.294825 18.799879 -44.864449
vn 0.0142 0.9992 0.0380
vn 0.0163 0.9994 0.0307
vn 0.0258 0.9997 0.0003
vn 0.0219 0.9997 0.0081
vn 0.0024 1.0000 0.0004
vn 0.0025 1.0000 -0.0000
vn -0.0064 1.0000 -0.0000
vn 0.0027 1.0000 0.0002
vn -0.0177 0.9995 0.0256
vn 0.0062 1.0000 0.0034
vn 0.0038 1.0000 0.0001
vn -0.0142 -0.9992 -0.0380
vn -0.0163 -0.9994 -0.0308
vn -0.0258 -0.9997 -0.0004
vn -0.0218 -0.9997 -0.0082
vn -0.0024 -1.0000 -0.0004
vn -0.0025 -1.0000 -0.0000
vn 0.0064 -1.0000 -0.0000
vn -0.0027 -1.0000 -0.0002
vn 0.0177 -0.9995 -0.0256
vn -0.0062 -1.0000 -0.0034
vn -0.0038 -1.0000 -0.0001
vn 0.4316 -0.0151 0.9019
vn 0.6692 -0.0349 0.7423
vn 0.0160 0.0254 -0.9996
vn 0.3176 -0.0075 0.9482
vn 0.7081 -0.0363 0.7052
vn 0.6399 -0.0263 0.7680
vn 0.0653 0.0002 -0.9979
vn -0.1114 0.0008 0.9938
vn -1.0000 -0.0064 -0.0000
vn 0.1112 0.0006 -0.9938
vn -0.4216 -0.0016 0.9068
vn -0.5843 0.0039 -0.8115
vn -0.1114 0.0001 0.9938
vn -0.1113 0.0003 0.9938
vn -0.9119 0.0007 -0.4104
vn 0.9948 0.0027 0.1016
vn -0.9953 0.0021 -0.0964
vn 0.9954 0.0020 0.0957
vn 0.7936 -0.0029 -0.6084
vn -0.9995 0.0041 -0.0323
vn 0.9995 -0.0048 0.0324
vt 0.699493 0.500000
vt 1.000000 0.500000
vt 1.000000 1.000000
vt 0.699493 1.000000
vt 0.000000 0.500000
vt 0.000000 1.000000
vt 0.000000 0.000000
vt 0.699493 0.000000
vt 1.000000 0.000000
s 0
f 1351/519/460 1350/520/460 1346/521/460 1348/522/460
f 1349/523/461 1351/519/461 1348/522/461 1345/524/461
f 1343/525/462 1347/526/462 1351/519/462 1349/523/462
f 1347/526/463 1344/527/463 1350/520/463 1351/519/463
f 1358/523/464 1359/524/464 1353/524/464 1354/523/464
f 1360/525/465 1358/523/465 1354/523/465 1352/525/465
f 1354/523/466 1353/524/466 1356/524/466 1357/523/466
f 1352/525/466 1354/523/466 1357/523/466 1355/525/466
f 1362/525/465 1361/523/465 1358/523/465 1360/525/465
f 1361/523/467 1363/524/467 1359/524/467 1358/523/467
f 1349/523/465 1345/524/465 1363/524/465 1361/523/465
f 1343/525/465 1349/523/465 1361/523/465 1362/525/465
f 1363/524/468 1345/524/468 1364/524/468 1365/524/468
f 1365/524/469 1364/524/469 1366/524/469 1367/524/469
f 1367/524/470 1366/524/470 1368/524/470 1369/524/470
f 1378/519/471 1375/522/471 1373/521/471 1377/520/471
f 1376/523/472 1372/524/472 1375/522/472 1378/519/472
f 1370/525/473 1376/523/473 1378/519/473 1374/526/473
f 1374/526/474 1378/519/474 1377/520/474 1371/527/474
f 1385/523/475 1381/523/475 1380/524/475 1386/524/475
f 1387/525/476 1379/525/476 1381/523/476 1385/523/476
f 1381/523/477 1384/523/477 1383/524/477 1380/524/477
f 1379/525/477 1382/525/477 1384/523/477 1381/523/477
f 1389/525/476 1387/525/476 1385/523/476 1388/523/476
f 1388/523/478 1385/523/478 1386/524/478 1390/524/478
f 1376/523/476 1388/523/476 1390/524/476 1372/524/476
f 1370/525/476 1389/525/476 1388/523/476 1376/523/476
f 1390/524/479 1392/524/479 1391/524/479 1372/524/479
f 1392/524/480 1394/524/480 1393/524/480 1391/524/480
f 1394/524/481 1396/524/481 1395/524/481 1393/524/481
f 1344/527/482 1347/526/482 1374/526/482 1371/527/482
f 1346/521/483 1350/520/483 1377/520/483 1373/521/483
f 1345/524/484 1348/522/484 1375/522/484 1372/524/484
f 1347/526/485 1343/525/485 1370/525/485 1374/526/485
f 1348/522/486 1346/521/486 1373/521/486 1375/522/486
f 1350/520/487 1344/527/487 1371/527/487 1377/520/487
f 1353/524/488 1359/524/488 1386/524/488 1380/524/488
f 1343/525/489 1362/525/489 1389/525/489 1370/525/489
f 1355/525/490 1357/523/490 1384/523/490 1382/525/490
f 1357/523/490 1356/524/490 1383/524/490 1384/523/490
f 1356/524/491 1353/524/491 1380/524/491 1383/524/491
f 1352/525/492 1355/525/492 1382/525/492 1379/525/492
f 1359/524/493 1363/524/493 1390/524/493 1386/524/493
f 1360/525/494 1352/525/494 1379/525/494 1387/525/494
f 1362/525/495 1360/525/495 1387/525/495 1389/525/495
f 1363/524/496 1365/524/496 1392/524/496 1390/524/496
f 1364/524/497 1345/524/497 1372/524/497 1391/524/497
f 1365/524/498 1367/524/498 1394/524/498 1392/524/498
f 1366/524/499 1364/524/499 1391/524/499 1393/524/499
f 1369/524/500 1368/524/500 1395/524/500 1396/524/500
f 1367/524/501 1369/524/501 1396/524/501 1394/524/501
f 1368/524/502 1366/524/502 1393/524/502 1395/524/502
o Cube.010
v -25.722443 18.589275 2.754200
v -25.722443 19.393959 2.754200
v -25.662153 18.589275 1.951778
v -25.662153 19.393959 1.951778
v -23.785507 18.589275 2.899728
v -23.785507 19.393959 2.899728
v -23.725220 18.589275 2.097307
v -23.725220 19.393959 2.097307
v -22.332806 18.589275 3.008874
v -22.332806 19.393959 3.008874
v -22.272518 18.589275 2.206453
v -22.272518 19.393959 2.206453
v -20.395872 18.589275 3.154403
v -20.395872 19.393959 3.154403
v -20.335583 18.589275 2.351981
v -20.335583 19.393959 2.351981
v -18.943171 18.589275 3.263549
v -18.943171 19.393959 3.263549
v -18.882881 18.589275 2.461127
v -18.882881 19.393959 2.461127
v -17.006237 18.589275 3.409077
v -17.006237 19.393959 3.409077
v -16.945948 18.589275 2.606655
v -16.945948 19.393959 2.606655
v -15.553535 18.589275 3.518223
v -15.553535 19.393959 3.518223
v -15.493246 18.589275 2.715801
v -15.493246 19.393959 2.715801
v -13.616602 18.589275 3.663751
v -13.616601 19.393957 3.663751
v -13.556313 18.589275 2.861330
v -13.556312 19.393957 2.861330
v -12.163900 18.589275 3.772897
v -12.163899 19.393959 3.772897
v -12.103611 18.589275 2.970476
v -12.103610 19.393959 2.970476
v -10.226965 18.589273 3.918426
v -10.226965 19.393957 3.918426
v -10.166676 18.589273 3.116004
v -10.166676 19.393957 3.116004
v -8.774263 18.589275 4.027572
v -8.774263 19.393959 4.027572
v -8.713976 18.589275 3.225150
v -8.713976 19.393959 3.225150
v -6.837330 18.589273 4.173100
v -6.837330 19.393957 4.173100
v -6.777042 18.589273 3.370678
v -6.777042 19.393957 3.370678
v -5.384628 18.589275 4.282246
v -5.384628 19.393959 4.282246
v -5.324341 18.589275 3.479824
v -5.324341 19.393959 3.479824
v -3.447693 18.589273 4.427774
v -3.447693 19.393957 4.427774
v -3.387405 18.589273 3.625352
v -3.387405 19.393957 3.625352
v -1.994991 18.589275 4.536921
v -1.994991 19.393959 4.536921
v -1.934704 18.589275 3.734499
v -1.934704 19.393959 3.734499
v -0.058058 18.589273 4.682448
v -0.058056 19.393955 4.682448
v 0.002230 18.589273 3.880027
v 0.002232 19.393955 3.880027
v 1.394644 18.589275 4.791595
v 1.394644 19.393959 4.791595
v 1.454931 18.589275 3.989173
v 1.454931 19.393959 3.989173
v 3.331577 18.589272 4.937123
v 3.331579 19.393955 4.937123
v 3.391865 18.589272 4.134701
v 3.391867 19.393955 4.134701
v 4.784279 18.589275 5.046269
v 4.784281 19.393959 5.046269
v 4.844566 18.589275 4.243847
v 4.844568 19.393959 4.243847
v 6.721212 18.589272 5.191797
v 6.721216 19.393955 5.191797
v 6.781500 18.589272 4.389376
v 6.781504 19.393955 4.389376
v 8.173914 18.589275 5.300943
v 8.173918 19.393959 5.300943
v 8.234201 18.589275 4.498522
v 8.234205 19.393959 4.498522
v 10.110849 18.589272 5.446471
v 10.110849 19.393955 5.446471
v 10.171137 18.589272 4.644050
v 10.171137 19.393955 4.644050
v 11.563551 18.589275 5.555617
v 11.563555 19.393959 5.555617
v 11.623838 18.589275 4.753196
v 11.623842 19.393959 4.753196
v 13.500486 18.589272 5.701146
v 13.500486 19.393955 5.701146
v 13.560774 18.589272 4.898725
v 13.560774 19.393955 4.898724
v 14.953184 18.589277 5.810292
v 14.953188 19.393959 5.810292
v 15.013472 18.589275 5.007870
v 15.013475 19.393959 5.007870
v 16.890120 18.589272 5.955820
v 16.890120 19.393953 5.955820
v 16.950407 18.589272 5.153399
v 16.950407 19.393953 5.153399
v 18.342821 18.589277 6.064966
v 18.342821 19.393959 6.064966
v 18.403109 18.589275 5.262545
v 18.403109 19.393959 5.262545
v 20.279753 18.589270 6.210494
v 20.279753 19.393953 6.210494
v 20.340040 18.589270 5.408072
v 20.340040 19.393953 5.408072
v 21.732458 18.589277 6.319641
v 21.732458 19.393959 6.319640
v 21.792746 18.589275 5.517219
v 21.792746 19.393959 5.517219
v 23.669390 18.589270 6.465169
v 23.669390 19.393953 6.465169
v 23.729677 18.589270 5.662747
v 23.729677 19.393953 5.662746
v 25.122095 18.589277 6.574315
v 25.122095 19.393959 6.574315
v 25.182383 18.589275 5.771894
v 25.182383 19.393959 5.771893
v 27.059031 18.589270 6.719843
v 27.059031 19.393953 6.719843
v 27.119318 18.589270 5.917421
v 27.119318 19.393953 5.917421
v 28.511728 18.589277 6.828989
v 28.511728 19.393959 6.828989
v 28.572016 18.589277 6.026567
v 28.572016 19.393959 6.026567
v 30.448664 18.589270 6.974517
v 30.448664 19.393953 6.974517
v 30.508951 18.589270 6.172095
v 30.508951 19.393951 6.172095
v 31.901361 18.589277 7.083663
v 31.901361 19.393959 7.083663
v 31.961649 18.589277 6.281241
v 31.961649 19.393959 6.281241
v 33.838295 18.589270 7.229191
v 33.838295 19.393951 7.229191
v 33.898582 18.589268 6.426769
v 33.898582 19.393951 6.426769
v 35.291000 18.589277 7.338338
v 35.291000 19.393959 7.338338
v 35.351288 18.589277 6.535916
v 35.351288 19.393959 6.535916
v 37.227936 18.589268 7.483866
v 37.227936 19.393951 7.483866
v 37.288223 18.589268 6.681444
v 37.288223 19.393951 6.681444
v 38.680634 18.589277 7.593012
v 38.680641 19.393961 7.593013
v 38.740921 18.589277 6.790590
v 38.740929 19.393959 6.790591
v 40.617569 18.589268 7.738541
v 40.617577 19.393951 7.738541
v 40.677856 18.589268 6.936119
v 40.677864 19.393951 6.936119
v 42.070267 18.589277 7.847686
v 42.070274 19.393961 7.847687
v 42.130554 18.589277 7.045264
v 42.130562 19.393959 7.045265
v 44.007202 18.589268 7.993215
v 44.007210 19.393951 7.993215
v 44.067490 18.589268 7.190793
v 44.067497 19.393951 7.190793
v 45.459900 18.589277 8.102360
v 45.459908 19.393961 8.102361
v 45.520187 18.589277 7.299938
v 45.520195 19.393959 7.299938
v 47.396835 18.589268 8.247889
v 47.396835 19.393951 8.247889
v 47.457123 18.589268 7.445467
v 47.457123 19.393950 7.445466
v 48.849541 18.589277 8.357035
v 48.849548 19.393961 8.357036
v 48.909828 18.589277 7.554613
v 48.909836 19.393959 7.554613
v 50.786476 18.589268 8.502563
v 50.786476 19.393950 8.502563
v 50.846764 18.589266 7.700142
v 50.846764 19.393950 7.700141
v 52.239174 18.589277 8.611709
v 52.239182 19.393961 8.611710
v 52.299461 18.589277 7.809287
v 52.299469 19.393959 7.809287
v 54.176109 18.589266 8.757237
v 54.176109 19.393950 8.757237
v 54.236397 18.589266 7.954816
v 54.236397 19.393950 7.954815
v 55.628807 18.589277 8.866384
v 55.628815 19.393961 8.866384
v 55.689095 18.589277 8.063962
v 55.689102 19.393959 8.063962
v 57.565742 18.589266 9.011911
v 57.565750 19.393950 9.011912
v 57.626030 18.589266 8.209490
v 57.626038 19.393950 8.209490
v 59.018440 18.589277 9.121058
v 59.018448 19.393961 9.121058
v 59.078728 18.589277 8.318636
v 59.078735 19.393959 8.318636
v 60.955376 18.589266 9.266585
v 60.955383 19.393950 9.266586
v 61.015663 18.589266 8.464164
v 61.015671 19.393948 8.464165
vn -0.9972 -0.0000 -0.0749
vn 0.0749 -0.0000 -0.9972
vn 0.9972 -0.0000 0.0749
vn -0.0749 -0.0000 0.9972
vn -0.0000 -1.0000 -0.0000
vn -0.0000 1.0000 -0.0000
vt 0.375000 0.000000
vt 0.625000 0.000000
vt 0.625000 0.250000
vt 0.375000 0.250000
vt 0.625000 0.500000
vt 0.375000 0.500000
vt 0.625000 0.750000
vt 0.375000 0.750000
vt 0.625000 1.000000
vt 0.375000 1.000000
vt 0.125000 0.500000
vt 0.125000 0.750000
vt 0.875000 0.500000
vt 0.875000 0.750000
s 0
usemtl 
f 1397/528/503 1398/529/503 1400/530/503 1399/531/503
f 1399/531/504 1400/530/504 1404/532/504 1403/533/504
f 1403/533/505 1404/532/505 1402/534/505 1401/535/505
f 1401/535/506 1402/534/506 1398/536/506 1397/537/506
f 1399/538/507 1403/533/507 1401/535/507 1397/539/507
f 1404/532/508 1400/540/508 1398/541/508 1402/534/508
f 1405/528/503 1406/529/503 1408/530/503 1407/531/503
f 1407/531/504 1408/530/504 1412/532/504 1411/533/504
f 1411/533/505 1412/532/505 1410/534/505 1409/535/505
f 1409/535/506 1410/534/506 1406/536/506 1405/537/506
f 1407/538/507 1411/533/507 1409/535/507 1405/539/507
f 1412/532/508 1408/540/508 1406/541/508 1410/534/508
f 1413/528/503 1414/529/503 1416/530/503 1415/531/503
f 1415/531/504 1416/530/504 1420/532/504 1419/533/504
f 1419/533/505 1420/532/505 1418/534/505 1417/535/505
f 1417/535/506 1418/534/506 1414/536/506 1413/537/506
f 1415/538/507 1419/533/507 1417/535/507 1413/539/507
f 1420/532/508 1416/540/508 1414/541/508 1418/534/508
f 1421/528/503 1422/529/503 1424/530/503 1423/531/503
f 1423/531/504 1424/530/504 1428/532/504 1427/533/504
f 1427/533/505 1428/532/505 1426/534/505 1425/535/505
f 1425/535/506 1426/534/506 1422/536/506 1421/537/506
f 1423/538/507 1427/533/507 1425/535/507 1421/539/507
f 1428/532/508 1424/540/508 1422/541/508 1426/534/508
f 1429/528/503 1430/529/503 1432/530/503 1431/531/503
f 1431/531/504 1432/530/504 1436/532/504 1435/533/504
f 1435/533/505 1436/532/505 1434/534/505 1433/535/505
f 1433/535/506 1434/534/506 1430/536/506 1429/537/506
f 1431/538/507 1435/533/507 1433/535/507 1429/539/507
f 1436/532/508 1432/540/508 1430/541/508 1434/534/508
f 1437/528/503 1438/529/503 1440/530/503 1439/531/503
f 1439/531/504 1440/530/504 1444/532/504 1443/533/504
f 1443/533/505 1444/532/505 1442/534/505 1441/535/505
f 1441/535/506 1442/534/506 1438/536/506 1437/537/506
f 1439/538/507 1443/533/507 1441/535/507 1437/539/507
f 1444/532/508 1440/540/508 1438/541/508 1442/534/508
f 1445/528/503 1446/529/503 1448/530/503 1447/531/503
f 1447/531/504 1448/530/504 1452/532/504 1451/533/504
f 1451/533/505 1452/532/505 1450/534/505 1449/535/505
f 1449/535/506 1450/534/506 1446/536/506 1445/537/506
f 1447/538/507 1451/533/507 1449/535/507 1445/539/507
f 1452/532/508 1448/540/508 1446/541/508 1450/534/508
f 1453/528/503 1454/529/503 1456/530/503 1455/531/503
f 1455/531/504 1456/530/504 1460/532/504 1459/533/504
f 1459/533/505 1460/532/505 1458/534/505 1457/535/505
f 1457/535/506 1458/534/506 1454/536/506 1453/537/506
f 1455/538/507 1459/533/507 1457/535/507 1453/539/507
f 1460/532/508 1456/540/508 1454/541/508 1458/534/508
f 1461/528/503 1462/529/503 1464/530/503 1463/531/503
f 1463/531/504 1464/530/504 1468/532/504 1467/533/504
f 1467/533/505 1468/532/505 1466/534/505 1465/535/505
f 1465/535/506 1466/534/506 1462/536/506 1461/537/506
f 1463/538/507 1467/533/507 1465/535/507 1461/539/507
f 1468/532/508 1464/540/508 1462/541/508 1466/534/508
f 1469/528/503 1470/529/503 1472/530/503 1471/531/503
f 1471/531/504 1472/530/504 1476/532/504 1475/533/504
f 1475/533/505 1476/532/505 1474/534/505 1473/535/505
f 1473/535/506 1474/534/506 1470/536/506 1469/537/506
f 1471/538/507 1475/533/507 1473/535/507 1469/539/507
f 1476/532/508 1472/540/508 1470/541/508 1474/534/508
f 1477/528/503 1478/529/503 1480/530/503 1479/531/503
f 1479/531/504 1480/530/504 1484/532/504 1483/533/504
f 1483/533/505 1484/532/505 1482/534/505 1481/535/505
f 1481/535/506 1482/534/506 1478/536/506 1477/537/506
f 1479/538/507 1483/533/507 1481/535/507 1477/539/507
f 1484/532/508 1480/540/508 1478/541/508 1482/534/508
f 1485/528/503 1486/529/503 1488/530/503 1487/531/503
f 1487/531/504 1488/530/504 1492/532/504 1491/533/504
f 1491/533/505 1492/532/505 1490/534/505 1489/535/505
f 1489/535/506 1490/534/506 1486/536/506 1485/537/506
f 1487/538/507 1491/533/507 1489/535/507 1485/539/507
f 1492/532/508 1488/540/508 1486/541/508 1490/534/508
f 1493/528/503 1494/529/503 1496/530/503 1495/531/503
f 1495/531/504 1496/530/504 1500/532/504 1499/533/504
f 1499/533/505 1500/532/505 1498/534/505 1497/535/505
f 1497/535/506 1498/534/506 1494/536/506 1493/537/506
f 1495/538/507 1499/533/507 1497/535/507 1493/539/507
f 1500/532/508 1496/540/508 1494/541/508 1498/534/508
f 1501/528/503 1502/529/503 1504/530/503 1503/531/503
f 1503/531/504 1504/530/504 1508/532/504 1507/533/504
f 1507/533/505 1508/532/505 1506/534/505 1505/535/505
f 1505/535/506 1506/534/506 1502/536/506 1501/537/506
f 1503/538/507 1507/533/507 1505/535/507 1501/539/507
f 1508/532/508 1504/540/508 1502/541/508 1506/534/508
f 1509/528/503 1510/529/503 1512/530/503 1511/531/503
f 1511/531/504 1512/530/504 1516/532/504 1515/533/504
f 1515/533/505 1516/532/505 1514/534/505 1513/535/505
f 1513/535/506 1514/534/506 1510/536/506 1509/537/506
f 1511/538/507 1515/533/507 1513/535/507 1509/539/507
f 1516/532/508 1512/540/508 1510/541/508 1514/534/508
f 1517/528/503 1518/529/503 1520/530/503 1519/531/503
f 1519/531/504 1520/530/504 1524/532/504 1523/533/504
f 1523/533/505 1524/532/505 1522/534/505 1521/535/505
f 1521/535/506 1522/534/506 1518/536/506 1517/537/506
f 1519/538/507 1523/533/507 1521/535/507 1517/539/507
f 1524/532/508 1520/540/508 1518/541/508 1522/534/508
f 1525/528/503 1526/529/503 1528/530/503 1527/531/503
f 1527/531/504 1528/530/504 1532/532/504 1531/533/504
f 1531/533/505 1532/532/505 1530/534/505 1529/535/505
f 1529/535/506 1530/534/506 1526/536/506 1525/537/506
f 1527/538/507 1531/533/507 1529/535/507 1525/539/507
f 1532/532/508 1528/540/508 1526/541/508 1530/534/508
f 1533/528/503 1534/529/503 1536/530/503 1535/531/503
f 1535/531/504 1536/530/504 1540/532/504 1539/533/504
f 1539/533/505 1540/532/505 1538/534/505 1537/535/505
f 1537/535/506 1538/534/506 1534/536/506 1533/537/506
f 1535/538/507 1539/533/507 1537/535/507 1533/539/507
f 1540/532/508 1536/540/508 1534/541/508 1538/534/508
f 1541/528/503 1542/529/503 1544/530/503 1543/531/503
f 1543/531/504 1544/530/504 1548/532/504 1547/533/504
f 1547/533/505 1548/532/505 1546/534/505 1545/535/505
f 1545/535/506 1546/534/506 1542/536/506 1541/537/506
f 1543/538/507 1547/533/507 1545/535/507 1541/539/507
f 1548/532/508 1544/540/508 1542/541/508 1546/534/508
f 1549/528/503 1550/529/503 1552/530/503 1551/531/503
f 1551/531/504 1552/530/504 1556/532/504 1555/533/504
f 1555/533/505 1556/532/505 1554/534/505 1553/535/505
f 1553/535/506 1554/534/506 1550/536/506 1549/537/506
f 1551/538/507 1555/533/507 1553/535/507 1549/539/507
f 1556/532/508 1552/540/508 1550/541/508 1554/534/508
f 1557/528/503 1558/529/503 1560/530/503 1559/531/503
f 1559/531/504 1560/530/504 1564/532/504 1563/533/504
f 1563/533/505 1564/532/505 1562/534/505 1561/535/505
f 1561/535/506 1562/534/506 1558/536/506 1557/537/506
f 1559/538/507 1563/533/507 1561/535/507 1557/539/507
f 1564/532/508 1560/540/508 1558/541/508 1562/534/508
f 1565/528/503 1566/529/503 1568/530/503 1567/531/503
f 1567/531/504 1568/530/504 1572/532/504 1571/533/504
f 1571/533/505 1572/532/505 1570/534/505 1569/535/505
f 1569/535/506 1570/534/506 1566/536/506 1565/537/506
f 1567/538/507 1571/533/507 1569/535/507 1565/539/507
f 1572/532/508 1568/540/508 1566/541/508 1570/534/508
f 1573/528/503 1574/529/503 1576/530/503 1575/531/503
f 1575/531/504 1576/530/504 1580/532/504 1579/533/504
f 1579/533/505 1580/532/505 1578/534/505 1577/535/505
f 1577/535/506 1578/534/506 1574/536/506 1573/537/506
f 1575/538/507 1579/533/507 1577/535/507 1573/539/507
f 1580/532/508 1576/540/508 1574/541/508 1578/534/508
f 1581/528/503 1582/529/503 1584/530/503 1583/531/503
f 1583/531/504 1584/530/504 1588/532/504 1587/533/504
f 1587/533/505 1588/532/505 1586/534/505 1585/535/505
f 1585/535/506 1586/534/506 1582/536/506 1581/537/506
f 1583/538/507 1587/533/507 1585/535/507 1581/539/507
f 1588/532/508 1584/540/508 1582/541/508 1586/534/508
f 1589/528/503 1590/529/503 1592/530/503 1591/531/503
f 1591/531/504 1592/530/504 1596/532/504 1595/533/504
f 1595/533/505 1596/532/505 1594/534/505 1593/535/505
f 1593/535/506 1594/534/506 1590/536/506 1589/537/506
f 1591/538/507 1595/533/507 1593/535/507 1589/539/507
f 1596/532/508 1592/540/508 1590/541/508 1594/534/508
f 1597/528/503 1598/529/503 1600/530/503 1599/531/503
f 1599/531/504 1600/530/504 1604/532/504 1603/533/504
f 1603/533/505 1604/532/505 1602/534/505 1601/535/505
f 1601/535/506 1602/534/506 1598/536/506 1597/537/506
f 1599/538/507 1603/533/507 1601/535/507 1597/539/507
f 1604/532/508 1600/540/508 1598/541/508 1602/534/508
o Cube.011
v -30.464331 18.589275 -11.203104
v -30.464331 19.393959 -11.203104
v -29.661909 18.589275 -11.142816
v -29.661909 19.393959 -11.142816
v -30.609858 18.589275 -9.266170
v -30.609858 19.393959 -9.266170
v -29.807436 18.589275 -9.205881
v -29.807436 19.393959 -9.205881
v -30.649151 18.589275 -8.743197
v -30.649151 19.393959 -8.743197
v -29.846729 18.589275 -8.682909
v -29.846729 19.393959 -8.682909
v -30.794678 18.589275 -6.806263
v -30.794678 19.393959 -6.806262
v -29.992256 18.589275 -6.745975
v -29.992256 19.393959 -6.745974
v -30.833971 18.589275 -6.283290
v -30.833971 19.393959 -6.283290
v -30.031549 18.589275 -6.223001
v -30.031549 19.393959 -6.223001
v -30.979498 18.589275 -4.346356
v -30.979498 19.393959 -4.346356
v -30.177076 18.589275 -4.286068
v -30.177076 19.393959 -4.286067
v -31.018791 18.589275 -3.823383
v -31.018791 19.393959 -3.823383
v -30.216370 18.589275 -3.763095
v -30.216370 19.393959 -3.763094
v -31.164318 18.589275 -1.886449
v -31.164318 19.393957 -1.886448
v -30.361897 18.589275 -1.826160
v -30.361897 19.393957 -1.826159
v -31.203611 18.589275 -1.363476
v -31.203611 19.393959 -1.363475
v -30.401190 18.589275 -1.303187
v -30.401190 19.393959 -1.303186
v -31.349140 18.589273 0.573459
v -31.349140 19.393957 0.573459
v -30.546719 18.589273 0.633747
v -30.546719 19.393957 0.633747
vn 0.0749 -0.0000 -0.9972
vn 0.9972 -0.0000 0.0749
vn -0.0749 -0.0000 0.9972
vn -0.9972 -0.0000 -0.0749
vn -0.0000 -1.0000 -0.0000
vn -0.0000 1.0000 -0.0000
vt 0.375000 0.000000
vt 0.625000 0.000000
vt 0.625000 0.250000
vt 0.375000 0.250000
vt 0.625000 0.500000
vt 0.375000 0.500000
vt 0.625000 0.750000
vt 0.375000 0.750000
vt 0.625000 1.000000
vt 0.375000 1.000000
vt 0.125000 0.500000
vt 0.125000 0.750000
vt 0.875000 0.500000
vt 0.875000 0.750000
s 0
usemtl 
f 1605/542/509 1606/543/509 1608/544/509 1607/545/509
f 1607/545/510 1608/544/510 1612/546/510 1611/547/510
f 1611/547/511 1612/546/511 1610/548/511 1609/549/511
f 1609/549/512 1610/548/512 1606/550/512 1605/551/512
f 1607/552/513 1611/547/513 1609/549/513 1605/553/513
f 1612/546/514 1608/554/514 1606/555/514 1610/548/514
f 1613/542/509 1614/543/509 1616/544/509 1615/545/509
f 1615/545/510 1616/544/510 1620/546/510 1619/547/510
f 1619/547/511 1620/546/511 1618/548/511 1617/549/511
f 1617/549/512 1618/548/512 1614/550/512 1613/551/512
f 1615/552/513 1619/547/513 1617/549/513 1613/553/513
f 1620/546/514 1616/554/514 1614/555/514 1618/548/514
f 1621/542/509 1622/543/509 1624/544/509 1623/545/509
f 1623/545/510 1624/544/510 1628/546/510 1627/547/510
f 1627/547/511 1628/546/511 1626/548/511 1625/549/511
f 1625/549/512 1626/548/512 1622/550/512 1621/551/512
f 1623/552/513 1627/547/513 1625/549/513 1621/553/513
f 1628/546/514 1624/554/514 1622/555/514 1626/548/514
f 1629/542/509 1630/543/509 1632/544/509 1631/545/509
f 1631/545/510 1632/544/510 1636/546/510 1635/547/510
f 1635/547/511 1636/546/511 1634/548/511 1633/549/511
f 1633/549/512 1634/548/512 1630/550/512 1629/551/512
f 1631/552/513 1635/547/513 1633/549/513 1629/553/513
f 1636/546/514 1632/554/514 1630/555/514 1634/548/514
f 1637/542/509 1638/543/509 1640/544/509 1639/545/509
f 1639/545/510 1640/544/510 1644/546/510 1643/547/510
f 1643/547/511 1644/546/511 1642/548/511 1641/549/511
f 1641/549/512 1642/548/512 1638/550/512 1637/551/512
f 1639/552/513 1643/547/513 1641/549/513 1637/553/513
f 1644/546/514 1640/554/514 1638/555/514 1642/548/514
o Plane.012
v -28.479488 20.222935 -19.549988
v -13.881158 20.222935 -19.182997
v -25.961521 20.222935 -45.463882
v -11.686007 20.222935 -45.973595
v -26.591013 20.222935 -38.985409
v -27.220505 20.222935 -32.506935
v -27.849997 20.222935 -26.028461
v -13.103001 20.222935 -25.743023
v -12.630670 20.222935 -32.486549
v -12.280668 20.222935 -39.230072
v -28.479488 19.012936 -19.549988
v -13.881158 19.012936 -19.182997
v -25.961521 19.012936 -45.463882
v -11.686007 19.012936 -45.973595
v -26.591013 19.012936 -38.985409
v -27.220505 19.012936 -32.506935
v -27.849997 19.012936 -26.028461
v -13.103001 19.012936 -25.743023
v -12.630670 19.012936 -32.486549
v -12.280668 19.012936 -39.230072
vn -0.0000 1.0000 -0.0000
vn -0.0000 -1.0000 -0.0000
vn -0.9953 -0.0000 -0.0967
vn -0.0251 -0.0000 0.9997
vn 0.9961 -0.0000 0.0878
vn -0.0357 -0.0000 -0.9994
vn 0.9930 -0.0000 0.1178
vn 0.9976 -0.0000 0.0699
vn 0.9987 -0.0000 0.0518
vt 0.000000 0.750000
vt 1.000000 0.750000
vt 1.000000 1.000000
vt 0.000000 1.000000
vt 0.000000 0.000000
vt 1.000000 0.000000
vt 1.000000 0.250000
vt 0.000000 0.250000
vt 1.000000 0.500000
vt 0.000000 0.500000
s 0
f 1649/556/515 1654/557/515 1648/558/515 1647/559/515
f 1645/560/515 1646/561/515 1652/562/515 1651/563/515
f 1651/563/515 1652/562/515 1653/564/515 1650/565/515
f 1650/565/515 1653/564/515 1654/557/515 1649/556/515
f 1659/556/516 1657/559/516 1658/558/516 1664/557/516
f 1655/560/516 1661/563/516 1662/562/516 1656/561/516
f 1661/563/516 1660/565/516 1663/564/516 1662/562/516
f 1660/565/516 1659/556/516 1664/557/516 1663/564/516
f 1645/560/517 1651/563/517 1661/563/517 1655/560/517
f 1646/561/518 1645/560/518 1655/560/518 1656/561/518
f 1648/558/519 1654/557/519 1664/557/519 1658/558/519
f 1647/559/520 1648/558/520 1658/558/520 1657/559/520
f 1649/556/517 1647/559/517 1657/559/517 1659/556/517
f 1650/565/517 1649/556/517 1659/556/517 1660/565/517
f 1651/563/517 1650/565/517 1660/565/517 1661/563/517
f 1652/562/521 1646/561/521 1656/561/521 1662/562/521
f 1653/564/522 1652/562/522 1662/562/522 1663/564/522
f 1654/557/523 1653/564/523 1663/564/523 1664/557/523
o Plane.013
v -74.709534 20.261259 12.809889
v -34.434692 20.554800 15.748728
v -73.774605 20.261259 4.413772
v -37.174881 20.554800 7.835693
v -74.242073 20.261259 8.054073
v -35.152954 20.554800 10.460880
v -74.475800 20.261259 10.431981
v -34.606441 20.554800 13.469837
v -35.846882 20.554800 9.148287
v -74.008339 20.261259 6.233922
v -74.688751 17.421335 12.810164
v -34.413910 17.714876 15.749004
v -73.751625 17.421364 4.405745
v -37.151897 17.714905 7.827665
v -74.220581 17.421341 8.051889
v -35.131531 17.714882 10.458937
v -74.454811 17.421337 10.431514
v -34.585484 17.714878 13.469461
v -35.824783 17.714890 9.143888
v -73.985970 17.421352 6.228386
vn -0.0081 1.0000 0.0028
vn -0.0075 1.0000 0.0004
vn -0.0073 1.0000 -0.0001
vn -0.0077 1.0000 0.0011
vn 0.0081 -1.0000 -0.0028
vn 0.0075 -1.0000 -0.0004
vn 0.0073 -1.0000 0.0001
vn 0.0077 -1.0000 -0.0011
vn -0.9952 -0.0073 -0.0978
vn -0.0728 -0.0004 0.9973
vn 0.7036 0.0071 -0.7106
vn 0.0931 0.0036 -0.9957
vn -0.9918 -0.0075 -0.1275
vn 0.9839 0.0074 -0.1786
vn -0.9952 -0.0074 -0.0979
vn 0.9971 0.0073 -0.0751
vn 0.8843 0.0073 -0.4668
vn -0.9918 -0.0076 -0.1274
vt 0.000000 0.750000
vt 1.000000 0.750000
vt 1.000000 1.000000
vt 0.000000 1.000000
vt 0.000000 0.250000
vt 1.000000 0.250000
vt 1.000000 0.500000
vt 0.000000 0.500000
vt 0.000000 0.000000
vt 1.000000 0.000000
s 0
f 1674/566/524 1673/567/524 1668/568/524 1667/569/524
f 1671/570/525 1672/571/525 1670/572/525 1669/573/525
f 1665/574/526 1666/575/526 1672/571/526 1671/570/526
f 1669/573/527 1670/572/527 1673/567/527 1674/566/527
f 1684/566/528 1677/569/528 1678/568/528 1683/567/528
f 1681/570/529 1679/573/529 1680/572/529 1682/571/529
f 1675/574/530 1681/570/530 1682/571/530 1676/575/530
f 1679/573/531 1684/566/531 1683/567/531 1680/572/531
f 1665/574/532 1671/570/532 1681/570/532 1675/574/532
f 1666/575/533 1665/574/533 1675/574/533 1676/575/533
f 1668/568/534 1673/567/534 1683/567/534 1678/568/534
f 1667/569/535 1668/568/535 1678/568/535 1677/569/535
f 1669/573/536 1674/566/536 1684/566/536 1679/573/536
f 1670/572/537 1672/571/537 1682/571/537 1680/572/537
f 1671/570/538 1669/573/538 1679/573/538 1681/570/538
f 1672/571/539 1666/575/539 1676/575/539 1682/571/539
f 1673/567/540 1670/572/540 1680/572/540 1683/567/540
f 1674/566/541 1667/569/541 1677/569/541 1684/566/541
o Plane.014
v -24.311903 20.261259 16.698004
v 8.580347 20.481152 19.207359
v -19.498911 20.261259 9.006611
v 5.313997 20.481152 11.294325
v -23.133101 20.261259 11.942190
v 7.335924 20.481152 13.919512
v -24.027340 20.261259 14.320097
v 8.427214 20.481152 16.278282
v 6.641996 20.481152 12.606918
v -21.435799 20.261259 10.122039
v -24.292822 17.421324 16.698477
v 8.599428 17.641216 19.207832
v -19.475819 17.421358 9.012402
v 5.337088 17.641251 11.300116
v -23.112904 17.421331 11.943774
v 7.356131 17.641224 13.921159
v -24.007900 17.421326 14.320000
v 8.446615 17.641218 16.278248
v 6.663370 17.641239 12.613374
v -21.414486 17.421347 10.128520
vn -0.0081 1.0000 -0.0020
vn -0.0070 1.0000 0.0003
vn -0.0067 1.0000 -0.0002
vn -0.0073 1.0000 -0.0023
vn 0.0081 -1.0000 0.0020
vn 0.0070 -1.0000 -0.0003
vn 0.0067 -1.0000 0.0002
vn 0.0073 -1.0000 0.0024
vn -0.9929 -0.0067 -0.1189
vn -0.0761 -0.0003 0.9971
vn 0.7033 0.0040 -0.7109
vn 0.0918 -0.0013 -0.9958
vn -0.7308 -0.0063 -0.6826
vn 0.9076 0.0062 -0.4199
vn -0.9359 -0.0066 -0.3522
vn 0.9986 0.0068 -0.0521
vn 0.8839 0.0058 -0.4677
vn -0.4990 -0.0058 -0.8666
vt 0.000000 0.750000
vt 1.000000 0.750000
vt 1.000000 1.000000
vt 0.000000 1.000000
vt 0.000000 0.250000
vt 1.000000 0.250000
vt 1.000000 0.500000
vt 0.000000 0.500000
vt 0.000000 0.000000
vt 1.000000 0.000000
s 0
f 1694/576/542 1693/577/542 1688/578/542 1687/579/542
f 1691/580/543 1692/581/543 1690/582/543 1689/583/543
f 1685/584/544 1686/585/544 1692/581/544 1691/580/544
f 1689/583/545 1690/582/545 1693/577/545 1694/576/545
f 1704/576/546 1697/579/546 1698/578/546 1703/577/546
f 1701/580/547 1699/583/547 1700/582/547 1702/581/547
f 1695/584/548 1701/580/548 1702/581/548 1696/585/548
f 1699/583/549 1704/576/549 1703/577/549 1700/582/549
f 1685/584/550 1691/580/550 1701/580/550 1695/584/550
f 1686/585/551 1685/584/551 1695/584/551 1696/585/551
f 1688/578/552 1693/577/552 1703/577/552 1698/578/552
f 1687/579/553 1688/578/553 1698/578/553 1697/579/553
f 1689/583/554 1694/576/554 1704/576/554 1699/583/554
f 1690/582/555 1692/581/555 1702/581/555 1700/582/555
f 1691/580/556 1689/583/556 1699/583/556 1701/580/556
f 1692/581/557 1686/585/557 1696/585/557 1702/581/557
f 1693/577/558 1690/582/558 1700/582/558 1703/577/558
f 1694/576/559 1687/579/559 1697/579/559 1704/576/559
o Plane.015
v 19.203699 20.261259 20.365101
v 52.574814 20.481152 22.874456
v 24.016691 20.261259 12.673708
v 52.574814 20.481152 14.961422
v 20.382502 20.261259 15.609287
v 52.574814 20.481152 17.586609
v 19.488262 20.261259 17.987194
v 52.574814 20.481152 19.945379
v 52.574814 20.481152 16.274015
v 22.079803 20.261259 13.789136
v 19.222425 17.421322 20.366106
v 52.593544 17.641214 22.875462
v 24.036560 17.421373 12.689557
v 52.594681 17.641266 14.977272
v 20.401505 17.421329 15.615045
v 52.593857 17.641224 17.593458
v 19.507072 17.421322 17.989323
v 52.593628 17.641214 19.947618
v 52.594322 17.641249 16.286995
v 22.099134 17.421349 13.800688
vn -0.0070 1.0000 -0.0056
vn -0.0067 1.0000 -0.0013
vn -0.0066 1.0000 -0.0004
vn -0.0068 1.0000 -0.0037
vn 0.0070 -1.0000 0.0056
vn 0.0067 -1.0000 0.0013
vn 0.0066 -1.0000 0.0004
vn 0.0068 -1.0000 0.0037
vn -0.9929 -0.0066 -0.1189
vn -0.0750 -0.0001 0.9972
vn 1.0000 0.0069 0.0001
vn 0.0799 -0.0050 -0.9968
vn -0.7308 -0.0070 -0.6826
vn 1.0000 0.0067 -0.0000
vn -0.9359 -0.0067 -0.3523
vn 1.0000 0.0066 -0.0000
vn 1.0000 0.0068 0.0002
vn -0.4983 -0.0076 -0.8670
vt 0.000000 0.750000
vt 1.000000 0.750000
vt 1.000000 1.000000
vt 0.000000 1.000000
vt 0.000000 0.250000
vt 1.000000 0.250000
vt 1.000000 0.500000
vt 0.000000 0.500000
vt 0.000000 0.000000
vt 1.000000 0.000000
s 0
f 1714/586/560 1713/587/560 1708/588/560 1707/589/560
f 1711/590/561 1712/591/561 1710/592/561 1709/593/561
f 1705/594/562 1706/595/562 1712/591/562 1711/590/562
f 1709/593/563 1710/592/563 1713/587/563 1714/586/563
f 1724/586/564 1717/589/564 1718/588/564 1723/587/564
f 1721/590/565 1719/593/565 1720/592/565 1722/591/565
f 1715/594/566 1721/590/566 1722/591/566 1716/595/566
f 1719/593/567 1724/586/567 1723/587/567 1720/592/567
f 1705/594/568 1711/590/568 1721/590/568 1715/594/568
f 1706/595/569 1705/594/569 1715/594/569 1716/595/569
f 1708/588/570 1713/587/570 1723/587/570 1718/588/570
f 1707/589/571 1708/588/571 1718/588/571 1717/589/571
f 1709/593/572 1714/586/572 1724/586/572 1719/593/572
f 1710/592/573 1712/591/573 1722/591/573 1720/592/573
f 1711/590/574 1709/593/574 1719/593/574 1721/590/574
f 1712/591/575 1706/595/575 1716/595/575 1722/591/575
f 1713/587/576 1710/592/576 1720/592/576 1723/587/576
f 1714/586/577 1707/589/577 1717/589/577 1724/586/577
